input,nearest
LATI,LYPG
KMVH,LSNM8
KFYM,KMDQ
KAVK,SRWO2
K1U7,GREI
K0A9,KTRI
KUDG,KBBP
KNCA,CLJN7
KAUO,TKGA1
CYLH,CYKP
CYHK,CYUS
PASD,PAOU
KUGN,KENW
KRIC,KW96
KPNM,CSCM5
KFTY,0353W
KELZ,KOLE
KDCA,KADW
KCQM,ORBM5
KCKC,SEAM5
KBBB,KMVE
KADC,KSAZ
CYTZ,CYSN
CYQG,KDET
CYHD,CYXL
KTRI,K0A9
KPDK,0536W
KMNN,KDLZ
KMGW,CRFW2
KJYG,KULM
KHQM,HUFW1
KDUJ,KYPP1
KDLH,KSUW
KCHA,PCFT1
KBMG,HDRI3
CWPX,CYCB
YMML,YMEN
YABA,YBLN
PAKX,SNIA2
LMML,LICB
KY70,KFPK
KY63,KFFM
KY51,LSRW3
KY49,CASM5
KY31,AGRM4
KY23,KRPD
KY19,KBIS
KXSA,TS622
KXNX,KM54
KX60,0310W
KX07,0125W
KWWR,KGAG
KWBF,KGRY
KW96,KRIC
KW81,1269W
KW78,KW63
KW75,KFYJ
KW63,KCXE
KW43,BRLW4
KW31,KW81
KW13,CROV2
KVWU,KDNM5
KVVV,BSTM5
KVUJ,UNFN7
KVTP,BMOC2
KVTI,KIIB
KVNW,KAXV
KVNC,1209W
KVLL,KDET
KVJI,1272W
KVGC,SBFN6
KVER,KCOU
KVDF,1037W
KVCV,SE336
KVBW,KSHD
KUVA,KHDO
KUTA,SFFA4
KUSE,KADG
KUOX,KPMU
KUNU,MAYW3
KUNI,VFFO1
KULM,KJYG
KUKT,KCKZ
KUKL,KEMP
KUKF,RVZN7
KUBE,KRPD
KU69,FIVU1
KU55,TBSU1
KU52,CTMU1
KU42,KSLC
KTYQ,1321W
KTYL,KSOW
KTWT,K5M9
KTWM,KDYT
KTVY,TT255
KTTF,0499W
KTTA,MKLN7
KTSP,SE237
KTQV,0422W
KTPF,KTPA
KTNU,NSWI4
KTME,KSGR
KTKX,KHKA
KTKV,TAWW3
KTHA,TT543
KTEX,SPKC2
KTEW,KLAN
KTDF,KTQV
KTCY,AATC1
KT89,CSBT2
KT69,KCRP
KSZY,SHOT1
KSZT,HOOI1
KSYM,TRMK2
KSYI,KTHA
KSYF,TT563
KSXU,TR931
KSXK,KLRJ
KSVH,TAYN7
KSVC,BMTN5
KSUW,KDYT
KSUT,SUNN7
KSTK,TT562
KSTF,NOXM6
KSTE,KCWA
KSRR,COPN5
KSRE,KSNL
KSRB,K8A3
KSPK,KPVU
KSPF,SFRS2
KSPA,DRBS1
KSOW,QLKA3
KSNK,FRKT2
KSNH,SHOT1
KSNC,KMMK
KSMS,0684W
KSLR,GELT2
KSLO,KENL
KSLH,KMCD
KSLB,KCKP
KSJX,KCVX
KSIK,KCGI
KSIF,KMTV
KSHL,KSXK
KSHD,KVBW
KSGS,KSTP
KSFY,KCWI
KSFQ,GDSV2
KSEZ,QOCA3
KSEM,K1A9
KSDC,KIUA
KSDA,KRDK
KSCX,BSFT1
KSCR,MKLN7
KSCD,TT275
KSAZ,KADC
KSAR,KPCD
KS71,HRLM
KS39,POBO
KS33,MRSO
KS25,WCYN8
KS21,LBFO3
KRZT,CHEO1
KRZR,BOCT1
KRZN,SCXM5
KRZL,KMCX
KRYW,BNET2
KRYV,KUNU
KRVL,0676W
KRVF,RBYM
KRUQ,LXFN7
KRUG,TMTN8
KRTS,DNLEM
KRSV,KLWV
KRSN,1315W
KRRT,RNRM5
KRRL,KTKV
KRQB,EVAM4
KRPH,PKLT2
KRPD,KY23
KROX,RNRM5
KROS,LNDW3
KRNP,KFNT
KRNH,SRPW3
KRNC,TT543
KRMY,KBTL
KRMN,KEZF
KRLD,KPSC
KRKR,THKO2
KRID,KOXD
KRHP,CHON7
KRHI,TAWW3
KRGK,TT569
KRGA,KDVK
KRFI,HDRT2
KREG,1313W
KRDK,KSDA
KRCZ,RKGN7
KRCX,LDYW3
KRCM,KSZL
KRCE,KHSD
KRBW,WTBS1
KRAW,KGLY
KPZZ,KGRY
KPZQ,KAPN
KPYX,KE42
KPWC,BDRM5
KPVJ,KADM
KPVF,BDMC1
KPVE,CMDT1
KPVB,KMRJ
KPUJ,KVPC
KPTS,KJLN
KPTD,BFAN6
KPTB,KFCI
KPSO,DYKC2
KPSK,1257W
KPRS,KT89
KPRO,KBNW
KPQN,RPPM5
KPOV,KAKR
KPMV,KOFF
KPLR,TLDA1
KPHT,KHZD
KPHN,CYZR
KPGV,0589W
KPEZ,KSSF
KPEX,KLJF
KPEA,KOXV
KPDC,YSPI4
KPCZ,WUTW3
KPCW,KTDZ
KPCM,KLAL
KPCD,KSAR
KPBH,SMRW3
KPAN,QPAA3
KOZW,HRAM4
KOZS,CMMM7
KOXV,KPEA
KOXD,KI67
KOWX,KFDY
KOVL,KRWF
KOSC,SCKM4
KORS,KFHR
KORK,KLIT
KORG,KBPT
KOQN,KPTW
KOOA,KOTM
KONZ,0499W
KONX,1052W
KONM,SEVN5
KONA,KLSE
KOMH,KGVE
KOLZ,KIIB
KOLG,MRZW3
KOLE,KELZ
KOKV,1245W
KOJA,KCLK
KOIN,KMCK
KOIC,SBFN6
KOEO,SRPW3
KOEB,KANQ
KOCW,BNYN7
KOCQ,KMNM
KOAR,KMRY
KO69,KDVO
KO22,MOUC1
KO05,CESC1
KNUQ,LOAC1
KNRN,KHLC
KN38,OLDP1
KN03,KITH
KMYJ,KCOU
KMXO,KDBQ
KMWM,KMJQ
KMWK,CBTN7
KMVE,KGDB
KMUT,TT595
KMTV,1263W
KMRT,KDLZ
KMRN,KHKY
KMRJ,DLEW3
KMRC,0505W
KMQJ,KUMP
KMQI,KFFA
KMQB,KGBG
KMPZ,KFSW
KMOX,KAQP
KMOR,HCOT1
KMOP,KAMN
KMNV,KMMI
KMNI,SPLS1
KMNE,CANL1
KMMI,DLOT1
KMKS,WTHS1
KMKJ,SFRV2
KMJQ,KMWM
KMIS,KLNQ
KMHR,KMCC
KMHL,KDMO
KMGN,KPLN
KMGC,KPPO
KMFV,1248W
KMEV,NCVA
KMDS,KBKX
KMCX,KLAF
KMCJ,KHOU
KMCD,KSLH
KMCC,KMHR
KMBY,ATAM7
KMBT,KMQY
KMBO,KJAN
KMAW,KPOF
KMAO,MRWS1
KMAN,KEUL
KM91,1333W
KM75,MATM
KM54,KXNX
KM40,MFCM6
KM30,KPAH
KM25,KCEY
KM21,GFSK2
KM08,CHFT1
KM04,TT531
KM02,BURT1
KLYV,KPQN
KLXY,RPRT2
KLWA,KBEH
KLVN,KMSP
KLVL,KAVC
KLUX,DRBS1
KLUM,TT569
KLUG,LSBT1
KLUD,LBJT2
KLRY,KGVW
KLRU,LOMN5
KLRO,WMBS1
KLRJ,KSXK
KLQK,0477W
KLNP,WSEV2
KLNL,WMTM4
KLNC,KRBD
KLKU,KGVE
KLKR,1181W
KLJF,LFSM5
KLHZ,KHNZ
KLHM,LICC1
KLHB,KCFD
KLDM,KMBL
KLDJ,KEWR
KLCG,KOFK
KLBO,KOZS
KL52,KSBP
KL35,FWSC1
KL18,FBZC1
KL08,UCAB
KKY8,TSWI3
KKNB,TT296
KK88,KCNU
KK82,KRNK1
KK62,CRIK2
KJZP,KCNI
KJZI,1187W
KJYO,KIAD
KJYM,KJXN
KJYL,KTBR
KJXI,GLMT2
KJWY,CDHT2
KJWG,KOJA
KJVW,KHKS
KJTC,QGRA3
KJSV,KGZL
KJSO,APLT2
KJOT,KLOT
KJNX,GBON7
KJMR,JMRM5
KJKJ,KFAR
KJHN,KULS
KJHN,KULS
KJGG,KFAF
KJFZ,1272W
KJFX,BHFA1
KJDD,KTYR
KJCA,KWDR
KJAS,KRBT2
KJAQ,TS389
KIZA,RHWC1
KIYA,KARA
KIXA,KEMV
KIUA,KSDC
KISQ,SNYM4
KIRS,KHAI
KIPT,GDHP1
KIPJ,MTIN7
KIOB,KSYM
KINJ,KJWY
KINF,0331W
KIMS,BIGI3
KIKW,KMBS
KIKV,KDSM
KIKT,KDSF
KIKG,KALI
KIJX,KPPQ
KIIY,WSNG1
KIIB,KOLZ
KIGQ,0735W
KIFA,KHPT
KIER,NATL1
KIDP,KCFV
KIDI,TT613
KICL,KEVU
KIBM,K1CW
KI75,SSFI4
KI74,KEDJ
KI69,KLUK
KI67,KCVG
KI63,KPPQ
KI35,K0VG
KI23,KUYF
KI19,KFFO
KHZX,RLKM5
KHZR,KBTR
KHZL,BHDP1
KHZE,TS680
KHZD,KPHT
KHYX,KMBS
KHYW,HRAS1
KHWY,KCJR
KHVS,KUDG
KHTH,RHDFL
KHSD,KPWA
KHSB,DSFI2
KHRX,BLGT2
KHRJ,KFBG
KHRF,COVM
KHQU,TT498
KHPT,KIFA
KHNR,KAIO
KHMT,SE254
KHMP,K6A2
KHLX,RAVN7
KHLB,BIGI3
KHII,QHAA3
KHHV,KGYF
KHHG,KFWA
KHHF,WHRT2
KHFY,0728W
KHFJ,MVVM7
KHEG,KVQQ
KHDE,KEAR
KHCO,KITM5
KHCD,LFSM5
KHBI,UNFN7
KHAI,KIRS
KHAF,HSPC1
KHAE,KUIN
KH71,KGCM
KGZS,K2M2
KGZL,KJSV
KGYL,KHCD
KGYF,KJSL
KGYB,RHBT2
KGWW,GBON7
KGWR,KBTN
KGVW,KOJC
KGVT,GELT2
KGVE,KOMH
KGRY,KWBF
KGRN,KIEN
KGRD,KLUX
KGPH,KMKC
KGPC,0894W
KGOP,TT704
KGOO,SETC1
KGNT,GRSN5
KGNG,KJER
KGLY,CITM7
KGLW,CDSK2
KGLE,KDTO
KGKT,KDKX
KGIC,SOUI1
KGHG,KPYM
KGHB,KAGI
KGGP,KGUS
KGGI,KTNU
KGGE,WMBS1
KGEV,RVZN7
KGDJ,GRYT2
KGDB,KMVE
KGCY,PGVT1
KGCD,FMFO3
KGBK,KAGI
KGBG,KMQB
KGAO,KHUM
KGAF,K2C8
KFZG,1285W
KFYJ,KJGG
KFYG,KSUS
KFYE,KM08
KFXY,KMCW
KFWC,KFOA
KFWB,KBBG
KFVX,TFWM6
KFTN,MMPG
KFSW,KBRL
KFSO,ESXV1
KFSE,K3N8
KFRR,FVRV2
KFRH,TS564
KFQD,RUTN7
KFPY,0714W
KFPK,KLAN
KFOT,KNNC1
KFOA,KOLY
KFMM,K1NW
KFKS,SBDM4
KFKR,1321W
KFKN,1275W
KFKA,KRST
KFHB,0346W
KFGN,KRRT
KFFX,KMKG
KFFM,KY63
KFFL,KAWG
KFFA,KMQI
KFET,KAHQ
KFEP,KEFT
KFDW,TT510
KFBR,MUDW4
KFBL,KOWA
KF70,SE224
KF46,KHQZ
KF44,RHAT2
KF05,KFDR
KF00,CDDT2
KEZZ,KGPH
KEZS,KEHW3
KEZM,K48A
KEZF,KRMN
KEYF,TURN7
KEVU,KICL
KEVM,KHIB
KETC,KPGV
KETB,KMWC
KERY,REXM4
KERV,KT82
KEOK,KFSW
KEOE,WHIS1
KENL,KSLO
KEMV,KLVL
KEMM,MUDW4
KELO,ELOM5
KELK,KCSM
KELA,ANWT2
KEKX,0851W
KEKS,ENNM8
KEIK,KBJC
KEHO,KNGS1
KEGV,PLPW3
KEFT,BKNW3
KEFK,LSC04
KEDN,KSXS
KEDJ,KI74
KEDE,POCN7
KEDC,EAUT2
KECS,WPKS2
KE42,KBPC
KE41,BNHT2
KE38,FDST2
KE16,TT119
KDZJ,TCCG1
KDZB,KBMQ
KDYT,KSUW
KDYB,KMKS
KDYA,TT400
KDXX,KCNB
KDVO,NVHC1
KDUX,CEDT2
KDUH,1035W
KDUC,KLAW
KDUA,KGYI
KDTL,DMLM5
KDTA,SBWU1
KDSF,KIKT
KDRM,KPZQ
KDQH,KAMG
KDNV,KPRG
KDNS,KHNR
KDNA,KBIF
KDLZ,KOSU
KDLO,SE274
KDLL,KC35
KDKX,KTYS
KDKR,RTCT2
KDKB,KARR
KDEH,YSPI4
KDED,LWQF1
KDCM,KUZA
KD95,KPTK
KD73,KWDR
KD60,K08D
KD57,TT584
KD55,HMDN8
KD50,CYEN
KD39,K14Y
KD25,KARV
KCZL,KDNN
KCXU,CMLG1
KCXP,WNC
KCXE,KW63
KCWV,FSGG1
KCWC,KSPS
KCVX,KACB
KCVH,HSEC1
KCVC,0538W
KCUH,KCQB
KCTZ,1159W
KCTY,0165W
KCSQ,KLWD
KCRX,KSZY
KCQW,KRCZ
KCQB,KCUH
KCPU,ESPC1
KCPT,KFWS
KCPF,JCAK2
KCPC,WHIN7
KCOQ,SNWM5
KCNI,KJZP
KCNC,SSFI4
KCNB,KDXX
KCMR,QGBA3
KCMD,1006W
KCLW,0550W
KCLS,CLSW1
KCLK,KOJA
KCKZ,KUKT
KCKP,KSLB
KCKM,KUTA
KCKI,KMNI
KCJR,KHWY
KCIN,KADU
KCHK,KRQO
KCGC,0212W
KCFS,KHYX
KCFJ,0894W
KCFE,KMGG
KCFD,KCLL
KCEY,KM25
KCDN,TT241
KCDI,KZZV
KCDH,BLRA4
KCDA,LSC01
KCCY,KALO
KCCU,SODC2
KCCO,NNAG1
KCCB,CMOC1
KCCA,GYAA4
KCBG,KJMR
KCBF,KOMA
KCAV,KEBS
KCAD,EVAM4
KC99,PKLC2
KC83,VAQC1
KC65,KRCR
KC62,KANQ
KC35,KDLL
KC29,KMSN
KC09,KJOT
KC07,DRYC2
KBYY,SRDT2
KBYL,KLOZ
KBXK,KGYR
KBXA,BCCM6
KBWW,AMDN8
KBWP,KFFM
KBVU,KHND
KBVS,KNUW
KBVN,KOFK
KBVI,KUCP
KBUU,K57C
KBTN,MRLS2
KBTA,DEOI4
KBRY,K6I2
KBRG,SEVN5
KBQP,1315W
KBQK,KSSI
KBPG,FRKT2
KBPC,KPPA
KBNW,KAMW
KBNL,SRSS1
KBMT,KBPT
KBKT,1269W
KBKS,KIKG
KBKN,KPNC
KBKD,KETN
KBJI,BMJM5
KBIJ,K17J
KBIE,KMYZ
KBHC,BXYG1
KBGF,TT543
KBGE,TT665
KBEC,KAAO
KBEA,KT69
KBDU,BTAC2
KBDN,BEWO
KBDH,KOVL
KBDG,TT143
KBCK,BFWW3
KBCB,0408W
KBBP,KUDG
KBAX,KCFS
KBAM,BATN2
KBAC,KJMS
KAZC,ZIOU1
KAYS,OKEG1
KAXV,KAOH
KAXS,KLTS
KAXH,KSGR
KAXA,KFOD
KAWG,1162W
KAVQ,KMZJ
KAVC,KLVL
KAUN,PLTC1
KAUM,KAEL
KAUH,KGRI
KATS,KROW
KASX,K4R5
KASW,KGSH
KASL,CADT2
KASJ,GCRN7
KARW,1190W
KARV,WUFW3
KARM,KELA
KAQX,KBNL
KAQO,CBDT2
KAPY,FART2
KAPS,KMSY
KANW,VRFN1
KANQ,KC62
KANK,BEKC2
KAMN,KMOP
KALX,TT275
KALM,KHMN
KAJZ,CMEC2
KAJR,CHGG1
KAJG,KLWV
KAIT,KHZX
KAIO,KADU
KAIG,AGOW3
KAHQ,KFET
KAGI,KGBK
KAFP,KCQW
KAFK,KPMV
KAEL,KACQ
KAEJ,RDKC2
KADU,KAIO
KADH,KSRE
KACP,VRNL1
KACB,KCVX
KAAS,K6I2
KAAA,KSPI
KA39,KCGZ
K9V9,KICR
K9S9,HERO
K9MN,KRST
K9D7,KDVL
K96D,K2C8
K8W2,KLUA
K8B0,RA006
K8A3,TR889
K8A0,KGAD
K82V,K1AW
K82C,KVOK
K81R,CBDT2
K7L2,TS633
K77S,WWCO3
K6S2,CHRO3
K6S0,DBYM8
K6R3,CPGT2
K6P9,KETN
K6I2,KAAS
K6B9,0534W
K6B0,LSC07
K6A2,KHMP
K6A1,TT667
K66R,KELA
K65S,BFYI1
K63S,LPOW1
K5T9,MMPG
K5SM,STOC2
K5R8,KUXL
K5M9,KTWT
K5H4,KRUG
K5C1,GUPT2
K5A6,KGWO
K57C,KBUU
K54J,0773W
K4V0,TT560
K4S2,HOXO
K4S1,FPRO3
K4R5,KASX
K4O4,BRKO2
K4M9,DFSM7
K4F2,KASL
K4BM,TR563
K4A9,LRWA1
K4A6,K4A9
K49A,KJZP
K48A,TT666
K46U,WYNI1
K46D,AWWN8
K42J,0778W
K41U,JVAU1
K3U3,DRLM
K3T5,LGNT2
K3S8,MLFO3
K3R7,LACL1
K3N8,KFSE
K3LF,KALN
K3L4,LACL1
K3K8,KPTT
K3J7,DPGG1
K3I2,LKRW2
K3F3,DRKT2
K3D2,K2P2
K38S,DRLM
K35A,WHIS1
K33V,IMRC2
K33N,0999W
K2R9,KBEA
K2P2,K3D2
K2M2,KGZS
K2J9,1155W
K2J5,K2J3
K2J3,LOUG1
K2IS,0317W
K2I0,GFSK2
K2G9,QTRP1
K2D5,KGWR
K2C8,K96D
K2A0,KRZR
K28J,0286W
K24J,0455W
K24A,CUWN7
K22N,TT618
K21D,KSTP
K20U,CACM8
K1V6,TS875
K1S5,SDMW1
K1S3,MCCM8
K1R8,KBFM
K1R7,CYSM6
K1P1,TT652
K1M5,KXNX
K1K1,KAAO
K1H2,KFOA
K1F0,KADM
K1A9,KMXF
K1A6,YELK2
K1A5,TOPN7
K18H,KGBK
K18A,KTOC
K14Y,KD39
K13K,KEMP
K11R,KCLL
K0VG,KI35
K0V4,KLYH
K0S9,QCNW1
K0R4,KHEZ
K0R0,RMAM6
K0J6,0303W
K0F2,LBJT2
K0E0,TJRN5
K0A0,KTCS
K08D,LWDN8
K06D,TMTN8
K06C,KORD
K05U,EURN
K04W,SCXM5
CYYW,CYQT
CYCA,CYBX
CBBC,CYBD
KY50,WUTW3
KPVG,KSFQ
KHZY,0497W
KFFT,KLEX
KCDD,MEAM5
CYXZ,CYLD
YMIA,YBHI
RJTR,RJTY
PALP,PAQT
KTDZ,1035W
KOWA,KFBL
KNFE,KNTU
KMPO,TT602
KFOZ,EFFM5
KFKL,KGKJ
KETH,K8D3
KECG,ELRN7
KDVP,KOTG
KCRW,BEEW2
KAQP,KDXX
KAPG,SSQM2
GCXO,GCTS
CYQX,CYYT
YMHB,YMLT
PAPN,MOGA2
KSBY,PWLM2
KHLG,KAFJ
KAWO,SWYW1
KAVP,TT137
KACQ,KOWA
CYRL,CYQK
PGUA,PGUM
LTAU,LTAZ
KPIL,ATRT2
KLSF,FBGG1
KLOL,FALN
KLFI,KNGU
KJST,TT613
KFAF,KPHF
KCEC,DICC1
RJSN,RJSS
RJOR,RJOH
RJOM,RJOI
RJOC,RJOH
RJOA,RJOM
RJNT,RJNK
RJFU,RJFS
RJFT,RJFS
RJFS,RJFU
RJFM,RJFK
RJCH,RJSM
KVOA,KIKT
KS85,MLKM8
KPWD,MLKM8
KP08,GRAA3
KOWI,KIXD
KOMK,OMAW
KMZJ,KAVQ
KMBS,KHYX
KJHW,KZAP1
KENW,KUGN
KEDU,KDWA
KDWA,KEDU
KCII,K1HM
KBEH,KLWA
K6S8,KBIL
K54A,KPGD
CYCK,CYZR
PADK,PAAK
LTCD,LTCA
KYIP,KDTW
KWRI,KNEL
KRAC,KMKE
KHIB,HIBM5
KGPZ,HCYM5
KCMX,PIEM4
KBOK,BRKO
KAUW,KCWA
KAND,0477W
EHEH,EBBL
YWGT,YMAY
KSEG,TT668
KOFP,KRIC
KMFI,MNEW3
KLIC,TT565
KIAG,CYSN
KGOV,GYGM4
KCIU,RYDM4
YLEC,YOLD
PADQ,FPKA2
KTOI,TT398
KPLN,KMGN
KNUI,KNHK
KNAK,KW29
KMBL,WLLM4
KBUF,KIAG
YGLA,YBRK
RODN,ROTM
RJTL,RJTT
KMGM,KMXF
KMGG,KCFE
KINT,0585W
KDAA,KDCA
KCLE,KBKL
KARB,KYIP
ETIH,ETIC
CYYL,CYFO
YBHI,YMIA
LTBF,LTFD
KSUU,UCJP
KHWO,KOPF
KHSE,TT700
CYKP,CYLH
RJSS,RJSN
KMKN,COAT2
KMDW,0735W
KLXL,LXLM5
KIMT,RANM4
KGSH,KASW
KANJ,CYAM
KADG,KUSE
SVMG,TGPY
SVBI,SKUC
KSLE,CRVO
KOWB,0854W
KOTH,SMCO3
KOFF,KPMV
KLNR,DLEW3
KHTL,RSCM4
KGKJ,0497W
KCAK,KAKR
KAKQ,KFKN
FAGG,FAPE
EBFN,EBOS
CYYU,CYTS
CYYF,OVLW1
CYTE,CYKO
KSHN,JEFW1
KNJM,NPTN7
KLAN,KTEW
KJXN,KTEW
KGVL,0640W
KEYE,KIND
KBYS,TOGC1
CYKF,CYHM
YPXM,WIII
TNCC,TNCB
PAFS,FWLA2
KMUI,TT462
KHBG,FRGM6
ZYTX,ZYCC
ZYTL,ZSQD
ZYHB,ZYCC
ZYCC,ZYHB
ZWWW,UASK
ZWSH,UCFL
ZUUU,ZUTF
ZUTF,ZUUU
ZUGY,ZUCK
ZUCK,ZUTF
ZSSS,ZSPD
ZSQD,ZYTL
ZSPD,ZSSS
ZSOF,ZSNJ
ZSNJ,ZSOF
ZSNB,ZSHC
ZSHC,ZSNB
ZSFZ,RCTP
ZSAM,ZGOW
ZPPP,ZUGY
ZMUB,ZMCK
ZMCK,ZMUB
ZLXY,ZHCC
ZLLL,ZLXY
ZJSY,ZJHK
ZJHK,ZJSY
ZHHH,ZGHA
ZHCC,ZBYN
ZGSZ,VHHH
ZGOW,ZSAM
ZGNN,VVCI
ZGKL,ZGNN
ZGHA,ZHHH
ZGGG,ZGSZ
ZBYN,ZBSJ
ZBTJ,ZBAD
ZBSJ,ZBAD
ZBHH,ZBYN
ZBAD,ZBAA
ZBAA,ZBAD
YWLM,YTRE
YWHA,YPWR
YTRE,YPMQ
YTNK,YBAS
YTEF,YNWN
YSWG,YNAR
YSTW,YNBR
YSSY,YSRI
YSRI,YSSY
YSNW,YSSY
YSNF,NWWW
YSDU,YMDG
YSCB,YCOM
YRMD,YHUG
YPWR,YOLD
YPTN,YPDN
YPPH,YPJT
YPPD,YPBO
YPLM,YBWX
YPKU,YARG
YPKG,YESP
YPJT,YPPH
YPGV,YGTE
YPEA,YPPH
YPDN,YPTN
YPCC,YPXM
YPBO,YNWN
YPAD,YWHA
YOLD,YPWR
YNWN,YPBO
YNTN,YCCY
YNBR,YMOR
YNAR,YGTH
YMTG,YPAD
YMOR,YNBR
YMLT,YMHB
YMER,YCOM
YMEN,YMML
YMEK,YNWN
YMDG,YSDU
YMAY,YWGT
YMAV,YMML
YLRE,YHUG
YLHI,YCFS
YKRY,YBOK
YHUG,YRMD
YHID,YBWP
YGTH,YNAR
YGTE,YPGV
YGFN,YCFS
YGEL,YPEA
YFRT,YCDU
YESP,YPKG
YEML,YBRK
YDBY,YCIN
YCOM,YSCB
YCIN,YDBY
YCFS,YGFN
YCDU,YCBP
YCCY,YBMA
YCBP,YOLD
YCBA,YGTH
YCAR,YPLM
YBWX,YPLM
YBWP,YHID
YBUD,YGLA
YBTL,YBPN
YBRM,YDBY
YBRK,YGLA
YBPN,YBHM
YBOK,YKRY
YBNA,YBCG
YBMK,YBHM
YBMA,YCCY
YBLN,YPJT
YBHM,YBPN
YBDV,YLEC
YBCS,YBTL
YBCG,YBNA
YBBN,YAMB
YBAS,YAYE
YAYE,YBAS
YARG,YPKU
YAMB,YBBN
WSSS,WSAP
WSSL,WSAP
WSAP,WSSS
WMSA,WMKK
WMKP,WMKB
WMKN,WMKE
WMKM,WMKK
WMKL,WMKA
WMKK,WMSA
WMKJ,WSSL
WMKI,WMBA
WMKE,WMKD
WMKD,WMKE
WMKC,WMKN
WMKB,WMKP
WMKA,WMKL
WMBA,WMKI
WMAU,WMKJ
WIPP,WIII
WIOO,WBGG
WIMM,WMBA
WIII,WIPP
WIEE,WIBB
WIBB,WIEE
WBSB,WBKL
WBKW,WBKS
WBKT,WBKK
WBKS,WBKW
WBKL,WBSB
WBKK,WBKL
WBGY,WBGG
WBGS,WBGY
WBGR,WBSB
WBGG,WBGY
WBGB,WBGS
WARR,WAHS
WAPP,WAMM
WAOO,WALL
WAMM,RPMD
WALL,WAOO
WAJJ,AYMH
WAHS,WARR
WADL,WADD
WADD,WADL
WAAA,WALL
VYYY,VTCC
VVTS,VVCT
VVPQ,VDPP
VVPB,VVDN
VVNB,VVCI
VVDN,VVPB
VVCT,VVTS
VVCR,VVTS
VVCI,VVNB
VTUU,VTUK
VTUK,VTUU
VTSS,WMKA
VTSP,VTSG
VTSG,VTSP
VTCT,VTCC
VTCC,VTCT
VTBU,VTBS
VTBS,VTBD
VTBD,VTBS
VOVZ,VEBS
VOTV,VOCI
VOTR,VOCB
VOMM,VOBL
VOML,VOKN
VOKN,VOCL
VOHS,VANP
VOCL,VOKN
VOCI,VOCB
VOCB,VOCI
VOBL,VOCB
VMMC,VHHH
VILK,VEBN
VIJP,VIDP
VIDP,VIJP
VIAR,OPLA
VHHH,ZGSZ
VGHS,VECC
VERC,VEGY
VEPT,VEGY
VEGY,VEPT
VECC,VGHS
VEBS,VERC
VEBN,VEGY
VDPP,VVPQ
VARK,VAAH
VANP,VAAU
VABB,VAAU
VAAU,VABB
VAAH,VARK
UWWW,UWLW
UWUU,UWOO
UWSG,UWPS
UWPS,UWGG
UWOR,UATT
UWOO,UATT
UWLW,UWLL
UWLL,UWLW
UWKS,UWKD
UWKE,UWKD
UWKD,UWLW
UWGG,UWPS
UUYY,UWKE
UUWW,UUMO
UUOO,UUOL
UUOL,UUOO
UUOK,UUOB
UUOB,UUOK
UUMO,UUWW
UUEE,UUWW
UUDL,UUBW
UUDD,UUBW
UUBW,UUDD
UUBP,UUBC
UUBC,UUWW
UTTT,UAII
UTST,UTDT
UTSS,UTSK
UTSK,UTSA
UTSB,UTSA
UTSA,UTSB
UTNU,UTAT
UTNN,UTAT
UTFF,UCFO
UTDT,UTDD
UTDL,UTTT
UTDK,UTDT
UTDD,UTDT
UTAV,UTSB
UTAT,UTNN
UTAM,OIMC
UTAK,UBBB
UTAA,OIMN
USTR,USCC
USSS,USCC
USRR,USNN
USPP,UWUU
USNN,USRR
USHH,USRR
USDA,USRR
USCM,UWOR
USCC,USSS
URWW,URWI
URWI,URWW
URWA,URML
URSS,URKK
URRP,URKK
URMT,URMM
URMO,URMN
URMN,URMM
URMM,URMN
URML,UBBY
URMG,URMO
URKK,URSS
URKA,URKK
UOOO,UNTT
UNWW,UNEE
UNTT,UNEE
UNOO,UACC
UNNT,UNBB
UNKL,UNAA
UNEE,UNTT
UNBB,UNNT
UNAA,UNKL
UMMS,UMIO
UMKK,EYPA
UMIO,UMII
UMII,UMIO
UMGG,UMIO
ULPB,ULLI
ULOO,EETU
ULMM,ENSS
ULLI,EFLP
ULAA,UUDL
UIUU,UIII
UIII,UIUU
UIBB,UIII
UIAA,UIUU
UHWW,UHHH
UHSS,RJCC
UHPP,PASY
UHMD,PAIW
UHMA,PASY
UHHH,UHWW
UHBB,ZYHB
UGTB,UDSG
UGSB,UGKO
UGMS,UGAM
UGKO,UGAM
UGAM,UGMS
UERR,UERP
UERP,UERR
UEEE,UHBB
UDYZ,LTCT
UDSG,LTCT
UCFO,UTFF
UCFM,UCFL
UCFL,UAAA
UBBY,UBBG
UBBQ,OITP
UBBN,OITT
UBBL,OITL
UBBG,UBBY
UBBF,OITP
UBBB,UBBL
UATT,UWOR
UATG,UATE
UATE,UATG
UASP,UAKK
UASK,UNBB
UARR,UWWW
UAOO,UAIT
UAKK,UACC
UAIT,UAII
UAII,UTTT
UADD,UAII
UACC,UAKK
UAAA,UCFL
TVSA,TLPL
TUPJ,TIST
TTPP,TTCP
TTCP,TTPP
TRPG,TAPA
TQPF,TNCM
TNCM,TQPF
TNCA,TNCC
TLPL,TLPC
TLPC,TLPL
TKPN,TKPK
TKPK,TKPN
TGPY,TTCP
TFFR,TDPD
TFFF,TLPC
TDPD,TFFR
TBPB,TLPL
TAPA,TRPG
SYEC,SYCJ
SYCJ,SYEC
SUSO,SARL
SUMU,SUAA
SULS,SUMU
SUAA,SUMU
SPZO,SPHO
SPYL,SPME
SPTU,SPZO
SPTN,SCAR
SPST,SPMS
SPSO,SPJC
SPRU,SPJR
SPQU,SPLO
SPQT,SKLT
SPMS,SPST
SPME,SERO
SPLO,SPTN
SPJR,SPRU
SPJC,SPSO
SPHO,SPSO
SPHI,SPJR
SPCL,SBCZ
SOCA,SMJP
SMZO,SMJP
SMJP,SMZO
SLYA,SLTJ
SLVR,SLET
SLTR,SLSA
SLTJ,SLYA
SLSV,SLCP
SLSA,SLTR
SLRI,SBRB
SLRB,SLPS
SLPS,SBCR
SLLP,SLCB
SLET,SLVR
SLCP,SLSV
SLCB,SLAL
SLCA,SLAL
SLAL,SLCA
SKVV,SKBO
SKVP,SKRH
SKUI,SKMD
SKUC,SVBI
SKSP,SKPV
SKSM,SKBQ
SKRH,SKVP
SKRG,SKMD
SKPV,SKSP
SKPS,SETU
SKPE,SKAR
SKPC,SKUC
SKNV,SKCL
SKMR,SKLC
SKMD,SKRG
SKLT,SBTT
SKLC,SKMR
SKIB,SKAR
SKEJ,SKBG
SKCL,SKAR
SKCG,SKBQ
SKCC,SKBG
SKBQ,SKSM
SKBO,SKVV
SKBG,SKEJ
SKAR,SKPE
SGES,SBFI
SGEN,SARP
SGCO,SGAS
SGAS,SARF
SETU,SKPS
SETN,SEQM
SEST,SEGS
SESM,SERB
SESA,SEGU
SERO,SPME
SERB,SESM
SEQM,SETU
SENL,SECO
SEMT,SESA
SEMC,SESM
SEJD,SESM
SEGU,SESA
SEGS,SEST
SECU,SEMC
SECO,SENL
SECA,SERO
SCVM,SCRD
SCVD,SCQP
SCTN,SCFT
SCTE,SCJO
SCTB,SCEL
SCSN,SCRD
SCSE,SCAT
SCRM,EGYP
SCRG,SCTB
SCRD,SCVM
SCQP,SCVD
SCPQ,SCON
SCON,SCMK
SCNT,SCCI
SCMK,SCON
SCJO,SCTE
SCIR,SCIE
SCIP,SCIR
SCIE,SCGE
SCIC,SCRG
SCHR,SCBA
SCGZ,SAWH
SCGE,SCIE
SCFT,SCTN
SCFA,SCCF
SCEL,SCTB
SCDA,SCAR
SCCY,SCBA
SCCI,SAWG
SCCH,SCGE
SCCF,SCFA
SCBA,SCCY
SCAT,SCSE
SCAS,SCCY
SCAR,SPTN
SBYS,SBRP
SBVT,SBCP
SBVH,SLSV
SBUY,SBTF
SBUR,SBUL
SBUL,SBUR
SBUA,SBTF
SBTT,SKLT
SBTF,SBUY
SBTE,SBPB
SBTA,SBGW
SBSV,SBAR
SBST,SBSP
SBSR,SBBU
SBSP,SBMT
SBSN,SBIH
SBSM,SBNM
SBSL,SBPB
SBSJ,SBTA
SBSG,SBNT
SBSC,SBAF
SBRP,SBYS
SBRJ,SBGL
SBRF,SBJP
SBRB,SLRI
SBPV,SLRI
SBPS,SBSV
SBPP,SGCO
SBPL,SBJU
SBPK,SBBG
SBPJ,SBCJ
SBPF,SBCH
SBPB,SBJE
SBPA,SBCO
SBNT,SBSG
SBNM,SBSM
SBNF,SBJV
SBMT,SBSP
SBMS,SBFZ
SBMQ,SBBE
SBMO,SBRF
SBMN,SBEG
SBMK,SBCF
SBMG,SBLO
SBME,SBCB
SBMA,SBCJ
SBLS,SBCF
SBLO,SBMG
SBLE,SBSV
SBLB,SBCP
SBKP,SBMT
SBKG,SBJP
SBJV,SBNF
SBJU,SBPL
SBJR,SBAF
SBJP,SBKG
SBJE,SBPB
SBIZ,SBMA
SBIP,SBLS
SBIH,SBSN
SBHT,SBSN
SBGW,SBTA
SBGR,SBMT
SBGO,SBAN
SBGL,SBRJ
SBFZ,SBMS
SBFN,SBNT
SBFL,SBNF
SBFI,SARI
SBEG,SBMN
SBDN,SBLO
SBCZ,SPCL
SBCY,SBCR
SBCX,SBCO
SBCT,SBBI
SBCR,SLPS
SBCP,SBME
SBCO,SBPA
SBCJ,SBMA
SBCH,SBPF
SBCG,SBPP
SBCF,SBLS
SBCC,SBIH
SBCB,SBME
SBBV,SYCJ
SBBU,SBSR
SBBR,SBAN
SBBQ,SBBH
SBBI,SBCT
SBBH,SBLS
SBBG,SBSM
SBBE,SBMQ
SBAX,SBUR
SBAR,SBMO
SBAN,SBGO
SBAF,SBJR
SAZS,SCTE
SAZN,SAZS
SAZM,SAEZ
SAWH,SCGZ
SAWG,SCCI
SAWE,SCGZ
SAVC,SCBA
SASJ,SASA
SASA,SASJ
SARP,SGEN
SARL,SUSO
SARI,SBFI
SARF,SGAS
SARE,SARC
SARC,SARE
SAOC,SACO
SANT,SASA
SAME,SCTB
SAEZ,SABE
SADF,SABE
SACO,SAOC
SABE,SADF
SAAR,SADF
RPVP,WBKT
RPVM,RPVD
RPVD,RPVM
RPMZ,RPVD
RPMD,RPVD
RPLL,RPLB
RPLI,RPLC
RPLC,RPLB
RPLB,RPLC
ROYN,ROIG
RORY,RODE
RORK,ROMD
ROMD,RORK
ROIG,ROYN
ROAH,ROTM
RKTU,RKSG
RKTN,RKPK
RKSS,RKSI
RKSM,RKSS
RKSI,RKSS
RKPK,RKTN
RKPC,RKJB
RKJB,RKJK
RJTT,RJTL
RJSM,RJCH
RJOS,RJBB
RJOO,RJBB
RJOH,RJOC
RJNK,RJNT
RJKI,RJKA
RJKA,RJKI
RJGG,RJOO
RJFR,RJFF
RJFK,RJFM
RJFF,RJFS
RJDB,RJFF
RJCC,RJCH
RJBB,RJOO
RJAW,RORK
RJAH,RJAA
RJAA,RJTL
RCTP,RCSS
RCSS,RCTP
RCNN,RCKH
RCMQ,RCTP
RCKH,RCNN
PLCH,LKHH1
PKWA,PKMJ
OTHH,OTBD
OTBD,OTHH
OSLK,LTDA
OSDI,OLBA
OSAP,LTAJ
ORSU,ORER
ORNI,ORBI
ORMM,OIAA
ORER,LTCW
ORBI,ORNI
OPSK,OPNH
OPNH,OPSK
OPMT,OPLA
OPKC,OPNH
OPIS,OPST
OMSJ,OMDB
OMRK,OMSJ
OMFJ,OMRK
OMDW,OMDB
OMDB,OMSJ
OMAL,OMDW
OMAD,OMAA
OMAA,OMAD
OLBA,OSDI
OKBK,OKAS
OJAQ,HESC
OJAM,OJAI
OJAI,OJAM
OIZJ,OMFJ
OIZI,OIZH
OIZH,OIZB
OIZB,OIZH
OIYY,OIFM
OITT,OITM
OITR,LTCW
OITP,UBBF
OITM,OITT
OISY,OIAH
OISS,OISF
OISL,OIBK
OISF,OISS
OINZ,OING
OINR,OINN
OINN,OINR
OING,OINE
OINE,OING
OIMT,OIMD
OIMS,OIMN
OIMN,UTAA
OIMM,OIMC
OIMD,OIMB
OIMB,OIMD
OIKQ,OIKB
OIKK,OIKB
OIKB,OIKQ
OIIP,OIII
OIII,OIIE
OIIE,OIII
OIHM,OIHH
OIHH,OIHM
OIGG,OINR
OIFS,OIFM
OIFM,OIFS
OICS,OICC
OICI,OICC
OICC,OICS
OIBL,OIBK
OIBK,OIBL
OIBB,OIAH
OIAW,OIAM
OIAM,OIAW
OIAH,OISY
OIAA,ORMM
OEYN,OEMA
OEWJ,OEAO
OEWD,OEBH
OETR,OEGT
OETF,OEJN
OETB,OJAQ
OESK,OERR
OESH,OENG
OERR,OESK
OERK,OEKJ
OERK,OEPS
OERF,ORNI
OEPA,OKAS
OENG,OEKM
OEMA,OEYN
OEKM,OEAB
OEJN,OETF
OEJB,OEDF
OEHL,OEGS
OEGT,OJAI
OEGS,OEDM
OEGN,OEAB
OEDR,OEDF
OEDM,OEGS
OEDF,OEDR
OEBH,OEBA
OEBA,OEBH
OEAO,OEWJ
OEAH,OEDF
OEAB,OEKM
OBBI,OEDR
NZWN,NZCH
NZCH,NZWN
NZAA,NZWN
NWWW,NVVV
NVVV,NVSS
NVSS,NVVV
NTAA,NCRG
NSFA,NLWW
NLWW,NSFA
NGTA,PKMR
NFTV,NFTL
NFTL,NFTV
NFTF,NFTL
NFNS,NFNL
NFNM,NLWW
NFNL,NFNS
NFNA,NFFN
NFFN,NFNA
NCRG,NTAA
MZBZ,MMCM
MYSM,MYCB
MYNN,MYAF
MYIG,MUGM
MYGF,KPBI
MYEM,MYNN
MYCB,MYSM
MYAF,MYNN
MWCR,MWCB
MWCB,MWCR
MRPV,MROC
MROC,MRPV
MRLM,MPBO
MRLB,MNRS
MPTO,MPMG
MPSM,MPPA
MPPA,MPMG
MPMG,1143W
MPDA,MPBO
MPBO,MPDA
MNRS,MNJU
MNPC,MHPL
MNMG,MNJU
MNJU,MNRS
MNJG,MNMG
MNCH,MHCH
MNBL,MNJU
MKJS,MKJP
MKJP,MKJS
MHYR,MHLC
MHTR,MHRO
MHTG,MHPR
MHTE,MHLM
MHSR,MHGS
MHRO,MHLC
MHPR,MHTG
MHPL,MNPC
MHNO,MGES
MHLM,MHTE
MHLE,MHGS
MHLC,MHTE
MHGS,MHSR
MHCH,MNCH
MHCA,MHTR
MGZA,MGES
MGSJ,MGGT
MGRT,MGQZ
MGQZ,MGRT
MGPB,MHLM
MGMM,MGCB
MGHT,MGQZ
MGGT,MGSJ
MGES,MHNO
MGCB,MGGT
MDST,MDPP
MDSD,MDJB
MDPP,MDST
MDPC,MDLR
MDLR,MDPC
MDJB,MDSD
MDCY,MDAB
MDBH,MDJB
MDAB,MDCY
MBGT,MDPP
LZZI,LKMT
LZTT,LZKZ
LZPP,LZIB
LZKZ,LZTT
LZIB,LOWW
LYVR,LRTR
LYTV,LDDU
LYPG,LYTV
LYNI,BKPR
LYKV,LYBE
LYBT,LYBE
LYBE,LYBT
LWSK,BKPR
LUKK,LRIA
LRTZ,LRCK
LRTR,LRAR
LRTM,LRCT
LRTC,LRCK
LRSV,LRBC
LRSM,LRBM
LRSB,LRCT
LROP,LRBS
LROD,LHDC
LRIA,LRBC
LRFT,LRCK
LRCV,LBPL
LRCT,LRCL
LRCL,LRCT
LRCK,LRTZ
LRBS,LROP
LRBO,LROP
LRBM,LRSM
LRBC,LRIA
LRAR,LRTR
LQTZ,LQSA
LQSA,LQMO
LQMO,LQSA
LQBK,LHPP
LPPT,LPMT
LPPS,LPMA
LPPR,LEVX
LPPD,LPAZ
LPMT,LPPT
LPMR,LPPT
LPMA,LPPS
LPFR,LPBJ
LPCS,LPPT
LPBJ,LPFR
LPAZ,LPPD
LKTB,LKNA
LKPR,LKKB
LKPD,LKCV
LKNA,LKTB
LKMT,LZZI
LKLN,LKKV
LKKV,LKLN
LKKB,LKPR
LKCV,LKPD
LJPZ,LIPQ
LJMB,LOWG
LJLJ,LOWK
LJCE,LDZA
LHBP,LHKE
LGKP,LGRP
LFYR,LFLX
LFTW,LFMT
LFTH,LFMC
LFSX,LFSG
LFST,LFGA
LFSO,LFSG
LFSN,LFSO
LFSL,LFBX
LFSI,LFOK
LFSG,LFSO
LFSD,LFGJ
LFSB,LSZG
LFRZ,LFRS
LFRV,LFRZ
LFRT,LFRO
LFRS,LFRI
LFRQ,LFRL
LFRO,LFRT
LFRN,LFRD
LFRM,LFJR
LFRL,LFRB
LFRK,LFRG
LFRJ,LFRB
LFRI,LFRS
LFRH,LFRV
LFRG,LFOH
LFRD,LFRN
LFRC,EGJJ
LFRB,LFRL
LFQQ,EBOS
LFQB,LFOK
LFQA,LFOK
LFPV,LFPN
LFPT,LFPN
LFPO,LFPV
LFPN,LFPV
LFPM,LFPO
LFPG,LFPB
LFPB,LFPG
LFOZ,LFOJ
LFOV,LFJR
LFOT,LFRM
LFOP,LFOE
LFOK,LFQA
LFOJ,LFOZ
LFOH,LFRG
LFOE,LFOP
LFOB,LFPT
LFOA,LFLX
LFMY,LFMI
LFMV,LFMO
LFMU,LFMT
LFMT,LFTW
LFMP,LFMK
LFMO,LFMV
LFML,LFMY
LFMK,LFCK
LFMI,LFMY
LFMH,LFLY
LFMD,LFMN
LFMC,LFTH
LFLY,LFLL
LFLX,LFYR
LFLW,LFCR
LFLS,LFLL
LFLP,LSGG
LFLN,LFMH
LFLL,LFLY
LFLC,LFLN
LFLB,LFLP
LFKS,LFKF
LFKJ,LFKF
LFKF,LFKJ
LFKC,LFKJ
LFKB,LFKS
LFJR,LFOV
LFJL,LFSN
LFGJ,LFSD
LFGA,LFST
LFCR,LFLW
LFCK,LFMK
LFBZ,LESO
LFBY,LFBZ
LFBX,LFBE
LFBU,LFBG
LFBT,LFBP
LFBP,LFBT
LFBO,LFCK
LFBM,LFBP
LFBL,LFBX
LFBI,LFBU
LFBH,LFRI
LFBG,LFBU
LFBE,LFBX
LFBD,LFBC
LFBC,LFBD
LFBA,LFBE
LFAT,EGMD
LFAQ,LFQQ
LEZL,LEMO
LEZG,LEBR
LEXJ,LEBB
LEVX,LEST
LEVT,LEBB
LEVS,LEMD
LEVD,LESA
LEVC,LEBT
LETO,LEMD
LEST,LECO
LESO,LFBZ
LESB,LEPA
LESA,LEVD
LERT,LEJR
LERS,LEDA
LEPP,LESO
LEPA,LESB
LEMO,LEZL
LEMI,LELC
LEMH,LEPA
LEMG,LEGR
LEMD,LETO
LELO,LEVT
LELN,LEAS
LELL,LEBL
LELC,LEMI
LEJR,LERT
LEIB,LESB
LEHC,LEZG
LEGR,LEMG
LEGE,LELL
LEDA,LERS
LECO,LEST
LECH,LEBT
LEBT,LEVC
LEBR,LEPP
LEBL,LELL
LEBG,LEVT
LEBB,LEVT
LEBA,LEMO
LEAS,LELN
LEAO,LEVS
LEAM,LEGR
LEAL,LELC
LEAG,LXGB
LEAB,LEMI
LDZD,LDSP
LDZA,LJCE
LDSP,LDZD
LDRI,LDPL
LDPL,LJPZ
LDOS,LHPP
LDDU,LYTV
LCPH,LCRA
LCLK,LCEN
LBWN,LBBG
LBSF,LBPL
LBPL,LRCV
LBPG,LBPD
LBPD,LBPG
LBIA,LBGO
LBGO,LBIA
LBBG,LBWN
KW29,KNAK
KNEL,JACN4
KMLJ,HRDG1
KMHV,SE377
KLHQ,KLCK
KJSL,KGYF
KHIO,FOGO
KGZN,KETN
KGSP,KGMU
KGLS,KEFD
KFCS,KCWN
KF45,KPBI
KDUB,ELKW4
KDPG,TT391
KCGS,PREM2
K2W6,KNHK
HRYR,HKNW
HKNW,HKJK
HKJK,HKNW
HETR,HESC
HESW,HEMM
HESN,HELX
HESH,HETR
HESG,HEAT
HESC,HETR
HEPS,HECA
HEMM,HEBA
HEMA,HEGN
HELX,HESG
HEGN,HESH
HECA,HEPS
HEBL,HESN
HEBA,HEAX
HEAX,HEBA
HEAT,HESG
HAAB,OEGN
GVSV,GVAC
GVNP,GVAC
GVAC,GVNP
GUCY,GGOV
GQPP,GQNO
GQNO,GOSP
GOTT,GOGK
GOTK,GOTT
GOSS,GOOD
GOSP,GOOG
GOSM,GOOG
GOOY,GOBD
GOOK,GOOD
GOOG,GOSP
GOOD,GOOK
GOGS,GOGG
GOGK,GGOV
GOGG,GOGS
GOBD,GOOY
GMTT,GMTN
GMTN,GECE
GMMZ,GMMX
GMMX,GMMZ
GMMW,GEML
GMMN,GMMB
GMML,GCFV
GMMH,GQPP
GMME,GMMB
GMMB,GMMN
GMFO,DAON
GMFM,GMFF
GMFK,GMFF
GMFF,GMFM
GMAD,GMMX
GLRB,GUCY
GGOV,GOGG
GEML,GMMW
GECE,LXGB
GCTS,GCXO
GCRR,GCFV
GCLP,GCXO
GCLA,GCGM
GCHI,GCGM
GCGM,GCTS
GCFV,GCRR
GANR,GAKD
GAMB,GABS
GAKD,GANR
GABS,GANR
FYWW,FYGF
FYRU,FYGF
FYLZ,FYWW
FYKM,FBMN
FYGF,FYRU
FSIA,FMCZ
FQXA,FQMA
FQTT,FQLC
FQQL,FQBR
FQNP,FQQL
FQMA,FQXA
FQLC,FQTT
FQBR,FQQL
FOOG,FNCA
FNCA,FOOG
FMSD,FMMI
FMNM,FMCZ
FMMT,FMMI
FMMI,FMMT
FMEP,FMEE
FMEE,FMEP
FMCZ,FMNM
FIMP,FMEE
FBSK,FAMM
FBPM,FAPP
FBMN,FYKM
FAUP,FAKM
FASI,FAOR
FAPP,FAKN
FAPE,FAGG
FAOR,FASI
FAMM,FBSK
FALW,FACT
FALE,FQMA
FALA,FAOR
FAKN,FQMA
FAKM,FABL
FACT,FALW
FABL,FAKM
EPWR,EPPO
EPWA,EPMO
EPSY,EPMO
EPSC,EKRN
EPRZ,EPLB
EPPO,EPWR
EPMO,EPWA
EPLL,EPKT
EPLB,EPRZ
EPKT,EPKK
EPKK,EPKT
EPGD,EPBY
EPBY,EPPO
EINN,EICK
EIME,EIDW
EIDW,EIME
EICK,EINN
DTTZ,DTTF
DTTX,DTTJ
DTTN,DTKA
DTTL,DTTA
DTTK,DTNH
DTTJ,DTTX
DTTG,DTTJ
DTTF,DTTZ
DTTD,DTTG
DTTB,DTTA
DTTA,DTTB
DTNH,DTMB
DTMB,DTNH
DTKA,DTTN
DIAP,GLRB
DAUZ,DAAP
DAUU,DAUH
DAUT,DAUA
DAUO,DAUK
DAUL,DAUG
DAUK,DAUO
DAUI,DAUA
DAUH,DAUU
DAUG,DAUL
DAUE,DAUG
DAUB,DABT
DAUA,DAUT
DAOY,DAAY
DAOV,DAOL
DAOR,GMFK
DAOO,DAOL
DAON,GMFO
DAOL,DAOO
DAOI,DAOB
DAOF,GMAD
DAOB,DAOI
DABT,DABC
DABS,DTTF
DABC,DABT
DABB,DTTN
DAAY,DAOY
DAAV,DAAE
DAAT,DAAJ
DAAS,DAAE
DAAP,DAUZ
DAAJ,DAAP
DAAG,DAAE
DAAE,DAAS
CZVL,CYEG
CZUM,CYWK
CZST,CYPR
CZSJ,CYIV
CZPC,POEM8
CZMT,CYZP
CZMD,CZSJ
CZFN,CYVQ
CZFM,CYKD
CZFA,CYZW
CZCP,CYPC
CZBF,CYGP
CYZY,CYXS
CYZX,CYSJ
CYZW,CZFA
CYZV,CYBC
CYZU,CYET
CYZT,CBBC
CYZS,CYUT
CYZR,KPHN
CYZP,CZMT
CYZH,CYZU
CYZF,CYFR
CYZE,KDRM
CYYY,CYBC
CYYT,CYQX
CYYR,CYCA
CYYQ,CYEK
CYYN,BLUM8
CYYJ,CYWH
CYYH,CYUS
CYYG,CYHZ
CYYE,CYXJ
CYYD,CYXT
CYYC,CYBW
CYYB,CYQA
CYXY,DWSA2
CYXX,SMFW1
CYXT,CYYD
CYXS,CYQZ
CYXR,CYUY
CYXQ,ALHA2
CYXP,CWVD
CYXN,CYRT
CYXL,CYHD
CYXJ,CYDQ
CYXH,KHVR
CYXE,CYPA
CYXC,YKAM8
CYWL,CYQZ
CYWK,CYKL
CYWJ,CZFN
CYWH,CYYJ
CYWG,K96D
CYWE,CYZF
CYVV,CYKF
CYVT,CYLJ
CYVR,KORS
CYVQ,CZFN
CYVP,CYLU
CYVO,CYUY
CYVL,CYVQ
CYVC,CYPA
CYUY,CYVO
CYUX,CYZS
CYUT,CYZS
CYUS,CYYH
CYUL,CYHU
CYUB,CWVH
CYUA,CYKD
CYTS,CYYU
CYTR,CYPQ
CYTH,CYNE
CYSY,CZCP
CYSN,KIAG
CYSM,CYPY
CYSK,CYGW
CYSJ,CYFC
CYSF,CYKJ
CYSC,VTW08
CYSB,CYYB
CYRV,CYGE
CYRT,CYXN
CYRQ,CYHU
CYRJ,CYBG
CYRB,CYYH
CYRA,CYWE
CYQZ,CYXS
CYQY,CYPD
CYQW,CYLJ
CYQV,CYEN
CYQU,CYDQ
CYQT,WINM4
CYQR,CSBN8
CYQQ,CYPW
CYQM,CYZX
CYQL,KCTB
CYQK,KFGN
CYQI,CYSJ
CYQH,CYDL
CYQF,CYYC
CYQD,CYFO
CYQB,CYRQ
CYQA,CYOO
CYPY,CYSM
CYPX,CYKO
CYPW,CYQQ
CYPR,PAMM
CYPQ,CYOO
CYPO,CYKP
CYPH,CYPX
CYPE,CYQU
CYPD,CYQY
CYPC,CZCP
CYPA,CYXE
CYOW,CYND
CYOO,CYTZ
CYOJ,CYPE
CYOD,CYLL
CYOC,SMTA2
CYNM,CYVO
CYNE,CYBV
CYND,CYOW
CYNA,CYGV
CYMX,CYUL
CYMT,CYRJ
CYMO,CYKQ
CYMM,CYPY
CYMA,CZFA
CYLW,CYYF
CYLU,CYVP
CYLL,CYOD
CYLK,CYSM
CYLJ,CYQW
CYLD,CYXZ
CYKY,CYQW
CYKQ,CYMO
CYKO,CYPX
CYKL,CYWK
CYKJ,CYSF
CYKG,CYFB
CYKD,CZFM
CYKA,CWLY
CYJT,CYDF
CYIV,CZSJ
CYIO,CYUX
CYIN,CYWL
CYHZ,CYZX
CYHY,CYZF
CYHU,CYUL
CYHM,CYKF
CYHE,KCFW1
CYGW,CYGL
CYGV,CYGP
CYGR,CYYG
CYGP,CZBF
CYGL,CYGW
CYGK,KART
CYGH,CYVQ
CYGE,CYRV
CYFS,CYYE
CYFR,CYZF
CYFO,CYQD
CYFC,CYSJ
CYFB,CYXP
CYEV,CWVH
CYET,CYZU
CYEN,KD50
CYEK,CYXN
CYEG,CZVL
CYDQ,CYXJ
CYDP,CYYR
CYDN,CYBR
CYDL,CYQH
CYDF,CYJT
CYDC,OPWW1
CYDB,PAYA
CYDA,PAEG
CYCY,CYXP
CYCS,CYRT
CYCQ,CYXJ
CYCP,CYRV
CYCO,CYWE
CYCG,OMFW1
CYCD,CYYJ
CYCB,CWPX
CYBX,CYAY
CYBW,CYYC
CYBV,CYNE
CYBU,CYPA
CYBR,K06D
CYBQ,CYTH
CYBL,CYQQ
CYBK,CYEK
CYBG,CYRJ
CYBD,CBBC
CYBC,CYYY
CYBB,CYUS
CYAZ,CYBL
CYAY,CYBX
CYAM,KANJ
CYAH,CYGL
CWVH,CYEV
CWVD,CYXP
CWSW,CZPC
CWSA,CYPD
CWRH,CWOB
CWOB,CWRH
CWLY,CYHE
CWLI,CYUB
CWKM,CYOC
CWIL,CYHK
CWGZ,CWEU
CWFD,CWVD
CWEU,CWGZ
CWAE,CYVR
BKPR,LWSK
BIRK,BIKF
BIKF,BIRK
BIEG,BIAR
BIAR,BIEG
AYPY,AYNZ
AYNZ,AYMH
AYMH,AYNZ
ANYN,NGTA
AGGM,AGGH
AGGH,AGGM
RODE,RODN
PKMJ,PKMR
PASY,UHMA
KTOL,1035W
KSYN,KLVN
KRFD,KRPJ
KOYM,KYPP1
KORF,1254W
KNOZ,KNYL
KNGU,KORF
KJKA,BONA1
KFME,PREM2
KEDW,K9L2
KCBM,MFCM6
KAST,TWRO3
K2V6,K2V5
RKSO,RKSG
PWAK,PKWA
PHSF,PTAH1
PAFR,PAED
PAFB,SRGA2
OKAS,OKBK
MMLP,MMSD
KVBG,VDBC1
KTCM,KGRF
KT70,K5T9
KSXS,KEDN
KSQL,PUGC1
KSLI,KFUL
KSKA,KGEG
KROG,KVBT
KRIV,UCMO
KPRN,KMGM
KPOE,LEVL1
KMWN,KHIE
KMUO,MTHI1
KMRH,NPTN7
KMEI,RLDM6
KLUF,KGEU
KLTS,KAXS
KLSV,KVGT
KLOR,KOZR
KLGF,YP091
KINS,KYCN2
KIKK,WMGI2
KHUA,KHSV
KHMN,KALM
KHLR,KGRK
KHIF,BEUU1
KHEY,KOZR
KGXF,MAGL
KGUR,GNRW4
KGRF,KTCM
KGFA,KGTF
KFHU,KALK
KFEW,KCYS
KDMA,KTUS
KCWN,KFCS
KCVS,KCVN
KCUL,KFWC
KCMY,KBCK
KBKF,AENC2
KBCR,0259W
KBAB,KMYV
KAFF,RRAC2
KABH,KFLY
K9L2,KEDW
K4MR,MRRN5
K1YT,YTCW1
K1OM,ARMM8
K1NW,KFMM
K1MW,KSTK
K1LM,K1KM
K1KM,UMHM
K1IW,KSNY
K1HW,KSNY
K1HM,GFMT
K1GW,KSNY
K1FM,KCII
K1EM,TS705
K1DM,TS705
K1CW,SBFN1
K1CM,MWSM
K1BW,K1AW
K1AW,K82V
K1AM,TR588
PHNG,OFRH1
PAPT,FWLA2
PAJC,PAPH
KNYL,FTYA3
KNY0,KSCH
KNJW,RNEM6
KMMH,UCSH
KFLG,QFLA3
KAQV,NATL1
TJSJ,TJIG
ROTM,RODN
RKSG,RKSO
RKJK,RKJB
RJTY,RJTR
RJOI,RJOM
PPIZ,PADG
PPIT,PABE
PHNY,LNIH1
PHHI,SCBH1
PFYU,FYRA2
PFSH,PAKK
PFNO,SRKA2
PFKW,PABE
PFKT,PATE
PFEL,PAGL
PFCL,PADL
PAZK,PAVD
PAWS,PABV
PAWN,MNOA2
PAWM,PAGL
PAWG,PAPG
PAVD,PACV
PAVC,PACD
PAVA,PACM
PAUN,PFSH
PATQ,PABR
PATG,KILA2
PATE,PFKT
PASX,SDFA2
PASM,PADM
PASL,PASV
PASK,PAIK
PASH,PFKT
PARY,PMNA2
PARS,PADM
PARC,AWRA2
PAPM,PAEH
PAPH,PAJC
PAPG,PAWG
PAOU,PASD
PANW,PAJZ
PANV,PAHC
PANI,PAHC
PAMM,PAKT
PAMK,PFEL
PAMH,PATA
PAKP,PAMA2
PAKK,HAYA2
PAKI,PPIT
PAKH,PADQ
PAKF,PACD
PAJZ,PANW
PAIW,PATC
PAIN,DVCA2
PAIK,SRKA2
PAII,PAPN
PAIG,COVA2
PAHL,HOGA2
PAHC,PANV
PAGS,PAEL
PAGN,PAFE
PAGL,PAWM
PAFM,KAUA2
PAFE,PAGN
PAEI,MANA2
PAED,PAMR
PADM,PARS
PADL,PFCL
PADG,PAWN
PACM,PAVA
PABV,PAWS
PABL,BKLA2
PAAK,PADK
OTBH,OTBD
MMRX,LWRT2
KYKN,KLCG
KXNO,TT478
KXMR,KTTS
KWWD,WOBN4
KWVL,0770W
KWRB,KMCN
KWMC,WSBN2
KWJF,SE178
KVPZ,TS480
KVPS,0241W
KVOK,K82C
KVIS,KHJO
KVBT,KXNA
KVAD,TT496
KUKI,COWC1
KUCP,KBVI
KTVF,AGRM5
KTTS,MRFF1
KTPH,TQIN2
KTIK,KOUN
KTDR,KPAM
KTBN,RBRM7
KSZL,KRCM
KSVN,KSAV
KSUE,KMNM
KSSC,0684W
KSRC,KLRF
KSQI,KFEP
KSOP,KHFF
KSMN,SMYI1
KSLG,STKA4
KSKX,WDRN5
KSKF,KSSF
KSHV,KDTN
KSGU,WRRU1
KSGT,KLRF
KSGJ,0508W
KSGH,KI19
KSFZ,KPVD
KSFO,HSPC1
KSFM,RCWM1
KSEQ,KBAZ
KSDY,KS85
KSDF,KLOU
KSBP,ARGC1
KRYM,LXLM5
KRUT,DBYV1
KRND,KSAT
KRKD,RA019
KRDR,KGFK
KRDM,KBDN
KRCA,KRAP
KPWT,KTIW
KPWG,MEGT2
KPVU,KSPK
KPVC,CAOM3
KPTN,KREG
KPSM,KDAW
KPRX,CKST2
KPQI,KCAR
KPOB,FBRN7
KPIB,KHBG
KPAM,KTDR
KOZR,KLOR
KOTG,KDVP
KOLU,KOFK
KOKK,KGUS
KOFK,KLCG
KOAJ,KNCA
KNYG,PWRV2
KNXP,LTHC1
KNUW,KBVS
KNUC,INRC1
KNTU,KNFE
KNQI,KIKG
KNPA,1196W
KNOG,KALI
KNMM,RLDM6
KNLC,KTLC1
KNJK,KIPL
KNID,SE447
KNGP,KCRP
KNFL,FALN
KNDZ,0902W
KNBC,1190W
KMYR,KCRE
KMXF,KMGM
KMVN,KENL
KMTW,KSBM
KMTC,KDET
KMSV,WALN4
KMRF,FDST2
KMQY,KBNA
KMOB,KBFM
KMNM,KSUE
KMMT,GDNS1
KMML,KGDB
KMKY,0574W
KMKT,KACQ
KMIB,KMOT
KMHS,MSAC1
KMGE,1147W
KMDT,KCXY
KMCF,KTPF
KM19,LPSA4
KLZU,1004W
KLWS,SILW
KLRF,KORK
KLRD,MMNL
KLPC,PUSC1
KLHW,FSLG1
KLGD,IMBO
KLEW,RA008
KLCI,KCON
KLAS,KHND
KKLS,TR950
KJRB,KNYC
KJMS,AWWN8
KJAX,0346W
KJAC,GTGW4
KIWD,WKFM4
KITH,KN03
KISP,KHWV
KISO,KGSB
KISM,0150W
KINW,QHEA3
KIAB,KBEC
KHYS,KRSL
KHYI,KRET2
KHYA,KFMH
KHWV,TT587
KHST,KTMB
KHRT,0241W
KHPN,0826W
KHOP,FCRT1
KHND,KLAS
KHNB,TS564
KHFF,RKGN7
KHEZ,K0R4
KHEF,0406W
KHDN,KCAG
KGXY,TT567
KGVQ,ABMN6
KGUS,KOKK
KGUC,HMEC2
KGTU,KT74
KGTR,KCBM
KGTB,KART
KGSB,GBON7
KGON,KWST
KGDV,PNHM8
KGBD,QNRK1
KGAI,KCGS
KGAD,K8A0
KFTK,0851W
KFSI,KLAW
KFSD,KLYV
KFRM,KJYG
KFRI,KMHK
KFOD,KEBS
KFNL,RSOC2
KFLP,SVHA4
KFFO,KI19
KFCI,KPTB
KFBG,KPOB
KFAM,FMRM7
KEWK,KAAO
KEUL,KMAN
KESC,STOM4
KENV,SPGN2
KEND,KWDG
KEKY,KEET
KEKQ,KSME
KEKO,CRSN2
KEHR,KEVV
KEGI,KVPS
KEGE,GPRC2
KEEN,KAFN
KEAU,AFWW3
KEAR,KHDE
KDYS,KABI
KDYR,DAFT1
KDWU,SDFO1
KDVL,FRTN8
KDOV,K33N
KDLF,KDRT
KDIK,TS428
KDIJ,PCRI1
KDAY,KFFO
KCXY,0530W
KCWI,KSFY
KCVO,FNWO3
KCVN,KCVS
KCVB,KSKF
KCTB,SHBM
KCOM,IVET2
KCOF,0491W
KCOE,HOOI1
KCOD,TT610
KCHS,1187W
KCGZ,KA39
KCEF,KBAF
KCAE,1176W
KBZN,BOZM
KBVX,ESDA4
KBTP,TT138
KBMI,KAAA
KBLV,KCPS
KBLM,JACN4
KBKX,KMDS
KBJJ,KCAK
KBIX,CKWM6
KBIH,SE380
KBID,NINR1
KBHB,ANPM1
KBAD,KDTN
KASH,KMHT
KART,KGTB
KALK,KFHU
KAJO,SE165
KAIZ,KOZS
KAFJ,KPIT
KADW,KDCA
KADF,KHOT
K8D3,KETH
K7N0,KNEW
K79J,OPNA1
K1M4,BHFA1
ETOU,EDDF
ETIK,ETEB
ETIC,ETIH
ETEB,ETIK
ETAR,EDDR
ETAD,ETSB
EGVA,EGVN
EGUN,EGUL
EGUL,EGUN
BGTL,CYCY
TXKF,KACK
TNCB,TNCC
PATL,PAMC
PATC,PAIW
PASV,SNIA2
PALU,PAVL
PAIM,NRUA2
PAEH,PAPM
PACZ,PACM
PAAD,PARC
OPST,VIAR
OPLA,VIAR
NZCM,NZCH
MMIA,MMZO
LIVR,LIPB
LIVP,LIPB
LIVM,LIPC
LIVF,LIRZ
LIVE,LSZS
LIVC,LIRP
LIRS,LIQO
LIRM,LIRN
LIRE,LIRA
LIQO,LIRS
LIPL,LIPO
LIPI,LIPQ
LIPC,LIVM
LIMH,LSGS
LIED,LIEE
LICZ,LICC
LICT,LICJ
LICF,LICR
LIBV,LIBD
LIBQ,LICA
LIBN,LIBR
LIBA,LIBD
KX26,0203W
KWDR,KD73
KW99,1303W
KW22,KCKB
KVYS,KC75
KVPC,KPUJ
KVHN,KGDP
KVDI,KRVJ
KUYF,KMRT
KUXL,KLCH
KUMP,KMQJ
KU68,KPOY
KTVK,KCNC
KTQK,KGCK
KTQH,KH71
KTOC,CHGG1
KTMK,TMKO3
KTIP,KCMI
KTIF,HSYN1
KTFP,KRAS
KTBR,KJYL
KTAZ,KSPI
KT78,KNFT2
KT74,KEDC
KT41,KEFD
KT35,KLHB
KSWW,KSNK
KSOA,EDWT2
KSNL,KSRE
KSME,SOMK2
KSMD,KGWB
KSJS,BSAK2
KSEP,KGDJ
KSEF,LWEF1
KSCK,KTCY
KSBS,DRYC2
KSAA,KEHY
KS52,NCSW1
KS34,PLAM8
KRWV,1286W
KRVJ,KVDI
KRQO,KRCE
KRPJ,KRFD
KRNO,NSPA
KRKW,CSST1
KRCV,TT065
KRCR,KC65
KRBO,KCRP
KRAS,KTFP
KPXE,KMCN
KPSN,APLT2
KPRG,KHUF
KPPQ,KI63
KPPO,KMGC
KPOY,KU68
KPNT,KBMI
KPNA,HAFW4
KPMU,KUOX
KPLU,KTCM
KPIM,KLGC
KPHP,PINS2
KPHL,KLOM
KPEQ,KINK
KPBX,KSJS
KOXI,KPPO
KOWP,KRVS
KORB,ORBM5
KONP,CNFO3
KONL,RLAS2
KOLY,KFOA
KOKZ,HRDG1
KOKM,CVWO2
KOGS,KPTD
KOGA,KIML
KOBE,0228W
KNOW,KCLM
KNKX,MPEC1
KNBG,K7N0
KMZZ,KMIE
KMWO,KI68
KMQW,MRAG1
KMQS,TT136
KMNZ,KGOP
KMNH,FKTC2
KMLE,KOFF
KMKG,KFFX
KMHP,MTFG1
KMGR,0486W
KMEZ,ODEA4
KMDQ,TT397
KMDD,MNDT2
KLZZ,CBDT2
KLYO,QNRK1
KLUV,FRKT2
KLUL,KPIB
KLUA,LHQV2
KLOT,KJOT
KLOM,KDYL
KLNQ,KMIS
KLNN,KCGF
KLMO,BCFC2
KLLJ,CHRI1
KLGC,KPIM
KLCQ,TT672
KLCK,KCMH
KJVY,KLOU
KIRK,ATAM7
KHTO,KMTP
KHON,RHUS2
KHNZ,KW63
KHMZ,KAOO
KHHW,KPRX
KHEQ,K2V5
KGWB,KSMD
KGRK,KHLR
KGPI,CRSM
KGNB,HRBC2
KGCM,KH71
KFGX,KSYM
KEXX,LXFN7
KETN,KGZN
KEQA,K3AU
KEBS,KFOD
KEAT,TT246
KE11,KGNC
KDVK,KRGA
KDNN,EJAG1
KDMW,KTHV
KDCY,TS563
KCNW,KACT
KCNK,KHJH
KCMA,SE142
KCGE,BLWM2
KCBK,KOEL
KCBK,KOEL
KCBK,KOEL
KCBK,KOEL
KCBE,NATW2
KCAO,KDHT
KBWD,KMKN
KBIF,KELP
KAXX,CIMN5
KAIK,LCSS1
KAFO,AFTY
KAAT,ATSC1
K7BM,RDKC2
K4V1,CCYC2
K4I3,KVTA
K3K3,KJHN
K3AU,K1K1
K2V5,K2V6
K20V,GSPC2
K0CO,DMTC2
FJDG,VCBI
EHWO,EBAW
EHVL,EHMG
EHVK,EHEH
EHSA,EHPG
EHRD,EHAM
EHQE,EHKD
EHPG,EHSA
EHMG,EHVL
EHMA,EHLW
EHLW,EHMA
EHLE,EHDL
EHKV,EHJR
EHKD,EHVL
EHJR,EHKV
EHJA,EHJR
EHHW,EHMA
EHGR,EHEH
EHGG,EDWE
EHFS,EHSA
EHFD,EHAK
EHDL,EHVK
EHBK,ETNG
EHAM,EHRD
EHAK,ENWV
EBFS,EBCI
EBDT,EBBE
EBCV,EBCI
EBBL,EHEH
EBBE,EBBR
PTYA,PGUM
PHOG,KPDH1
PHMK,MKPH1
PGUM,PGUA
PGSN,TT123
PAKN,PAII
OITL,UBBL
LFVP,CYQX
KWLD,KPNC
KWAL,ASTM2
KVTA,K4I3
KVSF,VTW03
KVAY,KPNE
KUZA,1181W
KUIN,KHAE
KTQE,DEOI4
KTAD,CCEC2
KSYR,0534W
KSUS,KSTL
KSLC,KU42
KSJN,KJTC
KSET,KSTL
KSBN,KEKM
KRST,K9MN
KRSP,FOXM2
KROC,KIUA
KROA,CGVV2
KRKS,SNOW4
KRDG,TT136
KRBL,CRGC1
KPTW,TT136
KPSF,KAQW
KPNE,KVAY
KPIA,KC75
KPHF,KFAF
KORH,KFIT
KOLS,QHPA3
KOLM,KCLS
KMVL,EMRV1
KMTP,KGON
KMTN,KAPG
KMRY,KOAR
KMOT,KMIB
KMKC,KMCI
KMIV,WOBN4
KMGJ,KSWF
KMEM,KOLV
KLYH,K0V4
KLWT,TS705
KLWM,KBVY
KLNK,KAHQ
KLEX,KFFT
KLBT,WCON7
KLAF,KMCX
KJAN,KMBO
KIZG,CWYN3
KISW,NKAW3
KINL,LITM5
KIND,KEYE
KILN,KI19
KHWD,OKSC1
KGSO,0783W
KGED,REDD1
KGCN,QTUA3
KGCK,K19S
KFZY,KSYR
KFWA,KSMD
KFLY,KCOS
KFIG,KYPP1
KFFZ,MAUP
KEWN,NBRN7
KEVV,KEHR
KEUG,WWCO3
KEFD,KLVJ
KDYL,KCKZ
KDSV,KIUA
KDSM,KIKV
KDEC,KTAZ
KDDH,WFRV1
KCOU,KJEF
KCOS,KFLY
KCEU,0477W
KCAR,KPQI
KBWI,KFME
KBUY,0583W
KBTV,ESXV1
KBOS,0518W
KBFL,SE274
KAVL,GUIN7
KAPN,BCYM4
KAPC,KDVO
KALO,KOLZ
KAKR,KCAK
KAKH,KCLT
KACY,OCVN4
KAAO,KBEC
K12N,TS717
TISX,TIST
TIST,TUPJ
PHTO,HKUH1
PHNL,PHJR
PHLI,WHGH1
PHKO,KHOH1
PHJR,PLHH1
PAYA,DBWA2
PAWI,PATQ
PAWD,KNLA2
PAVL,TAHA2
PATO,GRAA2
PATK,PMZA2
PASO,PAHO
PASN,PADU
PASI,PAGN
PASC,PAKU
PAQT,PALP
PAOT,MNOA2
PAOR,TETA2
PAOM,PAEC
PAOM,PAEC
PANN,CHTA2
PANC,PALH
PAMR,PAED
PAMC,PATL
PALH,PANC
PAKW,THOA2
PAKV,KAIA2
PAKT,PAMM
PAJN,PAGN
PAIL,FAFA2
PAHO,PASO
PAGY,DWSA2
PAGK,KLAA2
PAFA,SRGA2
PAEN,PASX
PAEG,EGYA2
PACV,PAVD
PACD,PAVC
PABT,KANA2
PABR,PATQ
PABI,TT429
PABE,PFKW
PAAQ,LGKA2
MMOX,MMPS
KZZV,BLRO1
KYKM,K1YT
KXNA,KVBT
KWVI,CTOC1
KWST,NINR1
KWRL,PSDW4
KVUO,KPDX
KVRB,0203W
KVLD,0560W
KVIH,KTBN
KVGT,KLSV
KVEL,SFLU1
KVCB,KSUU
KUUU,KPVD
KUTS,HTVT2
KUNV,0278W
KUNO,MRWM7
KUIL,FRKW1
KUAO,ARAO
KTYS,KDKX
KTYR,KJDD
KTXK,TEXT2
KTWF,TWFI
KTVR,HLYM6
KTVL,RWBC1
KTVC,KACB
KTUS,KDMA
KTUP,TROM6
KTUL,KRVS
KTTN,KPNE
KTTD,TR951
KTRL,KHQZ
KTPA,KTPF
KTOR,SBFN1
KTOP,KFOE
KTMB,CHKF1
KTLH,0275W
KTKI,1132W
KTIW,KTCM
KTHV,KMDT
KTCS,K0A0
KTCL,TT400
KTCC,KCVS
KSWO,KCUH
KSTS,RSAC1
KSTP,KSGS
KSTJ,KMCI
KSTC,CSCM5
KSSI,KBQK
KSSF,KSKF
KSRQ,0128W
KSPW,KMJQ
KSPG,0542W
KSPB,KHIO
KSNY,K1IW
KSNS,TR419
KSNA,SE155
KSMQ,CALN4
KSMF,KMCC
KSLN,KLYO
KSJC,KRHV
KSIY,BZRC1
KSHR,KBYG
KSGR,KAXH
KSFF,KGEG
KSEA,KBFI
KSDM,MMTJ
KSDL,AZ330
KSDB,SE176
KSBM,KMTW
KSBD,SE272
KSBA,SE236
KSAV,SVNS1
KSAF,TWRN5
KSAC,KMCC
KRXE,RXGI
KRWL,KSAA
KRWI,KETC
KRWF,KOVL
KRVS,KTUL
KRUE,AMAA4
KRTN,CUHC2
KRSW,0369W
KRSL,KHYS
KRQE,QPHA3
KRNT,KBFI
KRNT,KSEA
KRNM,GOSC1
KRMG,TT421
KRME,KVGC
KRKP,KTFP
KRIW,SHPW4
KRIL,RFEC2
KRDD,RRAC1
KRBG,NBKO3
KRBD,CDHT2
KRAL,SE162
KPWA,KHSD
KPUW,POTI1
KPUC,FTMU1
KPUB,KFCS
KPTK,KVLL
KPSX,KPKV
KPSP,SE414
KPSC,KRLD
KPRC,QISA3
KPRB,RBYC1
KPQL,GRBM6
KPOU,BCHN6
KPOF,KMAW
KPNS,1201W
KPNC,KBKN
KPMP,KFXE
KPKD,BDRM5
KPKB,1307W
KPIR,RFPS2
KPIH,TS586
KPIE,0550W
KPHD,KCAK
KPGD,K54A
KPGA,QPPA3
KPEO,TT284
KPDX,KVUO
KPDT,KHRI
KPBI,KF45
KPBG,SFAN6
KPAH,KM30
KPAE,KAWO
KOXB,ASTM2
KOWD,BLUM3
KOVS,BBLW3
KOVE,BNGC1
KOTM,KOOA
KOSU,0262W
KOSH,KFLD
KORL,1341W
KOQT,LCLT1
KOPF,KHWO
KONT,KCNO
KONO,ONTO
KOLF,GLGM
KOJC,KIXD
KOGD,BEUU1
KODX,KBBW
KODO,KMAF
KOAK,OKSC1
KNSI,SBIC1
KNRS,KSDM
KNQX,KEYW
KNIP,1323W
KNEW,K7N0
KMYV,KBAB
KMYF,BVDC1
KMWT,ODEA4
KMWL,KGDJ
KMVY,KFMH
KMTO,K1H2
KMTJ,LPRC2
KMTH,0468W
KMSY,K7N0
KMSS,BFAN6
KMSP,KSTP
KMSO,BLMM8
KMSN,KC29
KMRB,1305W
KMOD,KSCK
KMMV,KSLE
KMMK,KHVN
KMLU,1315W
KMLT,RA007
KMLS,MCCM8
KMLC,CVWO2
KMLB,0491W
KMKO,KGZL
KMKL,CHFT1
KMIW,KGGI
KMIE,KMZZ
KMIC,KANE
KMIA,0081W
KMHT,KASH
KMHE,KHON
KMGY,KI68
KMFR,MDFO
KMFE,LWRT2
KMCW,KFXY
KMCO,0391W
KMCN,KWRB
KMCK,KOIN
KMCI,KMKC
KMCE,KMER
KMCB,MPAM6
KMAI,0567W
KMAF,MNDT2
KMAE,CVBC1
KLXV,LPFC2
KLXT,KGVW
KLWV,KAJG
KLWD,KI75
KLVS,LVPN5
KLVM,MBRM8
KLVK,VAQC1
KLVJ,KEFD
KLUK,KI69
KLSE,LSRW3
KLPR,KCLE
KLOZ,KBYL
KLOU,KSDF
KLNS,KMUI
KLND,SHPW4
KLMT,AKFLO
KLLQ,AMOA4
KLKV,LAKO
KLIT,KORK
KLHX,TT568
KLGB,KSLI
KLFT,KARA
KLFK,LRWT2
KLEE,TT686
KLEB,KVSF
KLCH,KCWF
KLBX,BZRT2
KLBF,KTIF
KLBB,KPVW
KLAX,KHHR
KLAW,KFSI
KLAR,PMTW4
KLAA,TT564
KJLN,KPTS
KJKL,JCAK2
KJER,TWFI
KJEF,KCOU
KJBR,LPSA4
KIXD,KOJC
KIWI,RA019
KITR,TT563
KIPL,KNJK
KINK,KPEQ
KIML,KOGA
KILM,1055W
KIDA,OSGI
KICT,KIAB
KICR,K9V9
KIAH,KDWH
KHYR,HWDW3
KHVR,RCBM8
KHVN,KMMK
KHUL,RA009
KHUF,SULI3
KHSV,KHUA
KHSI,KGRI
KHRO,KBBG
KHRI,HRMO
KHOU,KEFD
KHOT,JVLA4
KHLN,HVMT
KHLC,KNRN
KHKY,KMRN
KHKS,KJAN
KHKA,KTKX
KHJO,KVIS
KHHR,KLAX
KHGR,ANBM2
KHFD,KBDL
KHEI,SHDS2
KHBR,WMRO2
KHAO,KMWO
KGWO,RHOM6
KGUP,KRQE
KGTF,KGFA
KGRR,BDLM4
KGRI,KAUH
KGRB,TT571
KGPT,CKWM6
KGOK,KHSD
KGMU,0441W
KGLR,GYGM4
KGLH,HLYM6
KGLD,KSYF
KGKY,KGPM
KGJT,PNRC2
KGIF,0525W
KGGW,GLGM
KGGG,KRFI
KGFL,SHPN6
KGFK,KRDR
KGEZ,KHFY
KGEY,TT631
KGEG,KSKA
KGCC,ECEW4
KGAG,KWWR
KFYV,KASG
KFXE,KPMP
KFWN,WALN4
KFVE,KCAR
KFUL,SE312
KFTW,KNFW
KFST,KPEQ
KFSM,KRKR
KFRG,0514W
KFPR,0431W
KFOK,TT587
KFOE,KTOP
KFNT,HRAM4
KFNB,KAFK
KFMY,1212W
KFMN,CHAC2
KFLO,KUDG
KFLL,0067W
KFLD,KOSH
KFHR,NSJW1
KFFC,KCCO
KFDY,KOWX
KFDR,KF05
KFCM,TS642
KFAY,KFBG
KFAT,FCHC1
KFAR,KJKJ
KEYW,0470W
KEWB,KTAN
KEVW,BRAU1
KESF,BENL1
KEQY,KJQF
KEPH,KMWH
KEMP,TGSK1
KELY,NSWM
KELN,FWFW1
KELM,GMFN6
KELD,KCDH
KEET,KEKY
KEEO,MITC2
KECP,0437W
KDXR,KOXC
KDWH,CKNT2
KDVT,AZ330
KDTW,0499W
KDTO,1130W
KDTN,KBAD
KDRT,KDLF
KDRO,MMRC2
KDRA,NROG
KDNL,KAGS
KDMO,KSZL
KDMN,KSVC
KDLS,WSBO3
KDLN,DLNM
KDKK,KJHW
KDHT,KDUX
KDHN,0303W
KDGW,ESTW4
KDFW,KDAL
KDFI,KUSE
KDEW,TT604
KDET,CYQG
KDEQ,BRKO2
KDEN,KCFO
KDCU,KHSV
KDBQ,KPVB
KDAN,CGLN7
KDAL,KADS
KDAB,0104W
KCYS,KFEW
KCXO,CKNT2
KCUB,1176W
KCSV,CSST1
KCSM,KELK
KCRS,KLXY
KCRQ,KOKB
KCRG,0174W
KCRE,KMYR
KCQC,K0E0
KCPS,MBGM7
KCPR,CMRW4
KCOT,PSAT2
KCNY,BIVU1
KCNO,SE165
KCMI,KTIP
KCLM,KNOW
KCLL,KCFD
KCKB,KW22
KCHO,0618W
KCGI,BNRI2
KCEZ,CHAC2
KCDW,KMMU
KCDS,MATT2
KCDR,HRSN1
KCDC,LPRU1
KCCR,PLEC1
KCAG,KHDN
KBYI,RPTI
KBYG,SPKW4
KBWG,0683W
KBVY,1299W
KBVO,PWKO2
KBUR,KWHP
KBTR,1311W
KBTM,TR267
KBTL,KRMY
KBRO,KPIL
KBRL,KFSW
KBRD,BIRM5
KBPT,KBMT
KBPI,KPNA
KBOI,LLAI1
KBNO,CWFO3
KBNA,0679W
KBMQ,BFXT2
KBLI,CYXX
KBKV,0209W
KBKL,KCGF
KBKE,BKAO3
KBIV,KLWA
KBIL,SDAM8
KBHM,KEKY
KBGR,RA011
KBGM,KN03
KBFM,KMOB
KBFI,KSEA
KBFF,SBFN1
KBFD,KOYM
KBDE,BTTM5
KBCT,0430W
KBCE,BYCU1
KBBW,KLXN
KBAF,KCEF
KAZO,KHAI
KAXN,KD39
KAWM,KMEM
KAUS,EAUT2
KAUG,0770W
KATY,KBKX
KASE,CRWC2
KASD,BBNL1
KARA,KLFT
KAPF,0574W
KAPA,KBKF
KAOO,BLHP1
KAOH,KOWX
KANB,LGLA1
KAMW,KBNW
KAMG,KBHC
KAMA,CEDT2
KALW,BLKO3
KALI,KNOG
KAKO,KSTK
KAIA,RESN1
KAGS,KDNL
KAGC,0495W
KAFW,1130W
KAEX,GARL1
KACV,WEDC1
KACK,KCQX
KABR,KBTN
KAAF,0569W
PTTP,PTKK
PTKK,PTTP
PATA,KANA2
PAEL,PAGS
PABA,AWRA2
MMTM,MMPA
MMMV,MMIO
KVTN,VRFN1
KTRM,UCDE
KTAN,KEWB
KSUX,BKTI4
KSPS,KCWC
KSPI,KAAA
KSPI,KTAZ
KSGF,SPWM7
KREO,GSFO3
KRAP,KRCA
KPYM,KGHG
KPWK,KORD
KPPF,KCFV
KORE,KEEN
KOMA,HITI4
KOKC,KPWA
KOKB,WIRC1
KNZY,KSAN
KNTD,SE206
KNRB,0174W
KNHK,KNUI
KNFW,KFTW
KNFG,WIRC1
KMWH,KEPH
KMLI,KDVN
KMLF,BSTU1
KMKE,KRAC
KMHK,KFRI
KMFD,K4I3
KMEB,0804W
KMDH,KMWA
KMBG,GRRS2
KLWC,KIXD
KIOW,0504W
KIJD,0254W
KIFP,QUPA3
KIEN,PRGS2
KIAD,0406W
KHUT,KLYO
KHRL,ATRT2
KHIE,LNCN3
KFIT,OXBM3
KEST,KMJQ
KEKM,KGSH
KDVN,KMLI
KDPA,K06C
KDDC,KGCK
KCVG,KI67
KCQX,KHYA
KCPW,KPSO
KCNU,KK88
KCLT,MTIN7
KCKV,KHOP
KCID,0504W
KCFV,KIDP
KBML,KMWN
KBLU,CISC1
KBLH,CBRA3
KBLF,SFRV2
KBIS,KY19
KBDR,KHVN
KBAN,SE401
KATL,0353W
KARR,KDPA
KAQW,KDDH
KALS,TT566
KAFN,TT231
KABQ,SNLN5
KABI,HBYT2
YPMQ,YTRE
PKMR,PKMJ
PHBK,POPH1
PAMD,PACV
MUGM,MUCU
MMTC,MMDO
MMMX,MMTO
MMGM,MMHO
MMDO,MMTC
MMCB,MMTO
KYNG,KUCP
KXWA,KS25
KVNY,KWHP
KVCT,VCRT2
KTPL,TMPT2
KTEB,KNYC
KSTL,MBGM7
KSMX,VDBC1
KSMO,SE428
KSLK,MVAN6
KSJT,PCKT2
KSAT,KSKF
KSAN,KNZY
KROW,REMN5
KRDU,0789W
KPWM,0554W
KPVD,KSFZ
KPIT,0561W
KPHX,MASP
KOXR,SE230
KOXC,KBDR
KORD,K06C
KOCF,0152W
KNYC,KLGA
KMYL,SFFI1
KMPV,VTW12
KLGU,TS303
KLGA,KNYC
KJFK,0826W
KJCT,MSAT2
KILG,1293W
KIGM,QMBA3
KHTS,BFRW2
KHDO,KCVB
KGDP,PSGT2
KEWR,KLDJ
KERI,KGKJ
KELP,KBIF
KEKN,TT598
KDAW,KSFM
KCSG,FBGG1
KCRP,KRBO
KCON,BERN3
KCMH,0891W
KBKW,GRNW2
KBHK,CACM8
KBGD,CEDT2
KBED,0258W
KBDL,KHFD
KBAZ,KSEQ
KAVX,DCIWL
KATT,EAUT2
KALB,APBN6
KAHN,0761W
KACT,KCNW
KABE,TT618
K6R6,KFST
VNKT,VEPT
TJBQ,MAOP4
PGRO,PGUA
PADU,PAKF
OOSH,OMFJ
OOSA,OODQ
OOMS,OOAD
OOKB,OMRK
OODQ,OOAD
OOAD,OOMS
OIMC,UTAM
OICK,OIHM
MUVR,MUHA
MUSC,MUCC
MUHG,MUCU
MUHA,MUVR
MUCU,MUGM
MUCM,MUCC
MUCL,MUVR
MUCC,MUCM
MSSS,MSLP
MSSM,MSLU
MSSA,MSSS
MSLU,MSSM
MSLP,MSSS
MSAC,MSSA
LXGB,LEAG
LTFM,LTBA
LTFJ,LTBA
LTFH,LTAP
LTFG,LCPH
LTFE,LGKO
LTFD,LGMT
LTFC,LTAY
LTDA,OSAP
LTCW,OITR
LTCT,UDYZ
LTCS,LTCA
LTCN,LTAJ
LTCJ,LTCC
LTCI,LTCW
LTCG,LTCD
LTCF,UDSG
LTCE,LTCD
LTCC,LTCJ
LTCB,LTFH
LTCA,LTCD
LTBY,LTBQ
LTBU,LTFM
LTBS,LGRP
LTBR,LTBQ
LTBQ,LTBR
LTBJ,LGSM
LTBH,LTFD
LTBA,LTFM
LTAZ,LTAU
LTAY,LTFC
LTAT,LTCA
LTAR,LTFH
LTAP,LTFH
LTAN,LTFG
LTAJ,LTCN
LTAI,LTFC
LTAG,LTAF
LTAF,LTAG
LTAE,LTAC
LTAC,LTAE
LSZS,LIVE
LSZR,EDNY
LSZH,LSZC
LSZG,LSZB
LSZC,LSZH
LSZB,LSZG
LSZA,LIMC
LSGS,LIMH
LSGG,LFLP
LSGC,LSZG
LOXZ,LOWK
LOWW,LZIB
LOWS,LOWL
LOWL,LOXZ
LOWK,LJLJ
LOWI,ETHA
LOWG,LJMB
LLBG,OJAM
LIRZ,LIVF
LIRQ,LIVC
LIRN,LIRM
LIRF,LIRE
LIRA,LIRE
LIPZ,LIPH
LIPY,LIVF
LIPX,LIPO
LIPR,LIPC
LIPQ,LJPZ
LIPO,LIPL
LIPH,LIPZ
LIPE,LIVC
LIPB,LIVP
LIMZ,LIMF
LIMP,LIPO
LIMP,LIPL
LIML,LIME
LIMJ,LIML
LIMF,LIMZ
LIME,LIML
LIMC,LSZA
LIEO,LFKF
LIEE,LIED
LIEA,LFKF
LICR,LICF
LICJ,LICT
LICD,LMML
LICC,LICZ
LICB,LICZ
LICA,LIBQ
LIBR,LIBN
LIBP,LIRM
LIBD,LIBV
LGTS,LGKZ
LGSR,LGPA
LGSO,LGMK
LGSM,LTBJ
LGSA,LGSR
LGRX,LGAD
LGRP,LTBS
LGPZ,LGIO
LGPA,LGSO
LGMT,LTFD
LGMK,LGSO
LGLM,LGAL
LGKZ,LGIO
LGKR,LGIO
LGKO,LTFE
LGKL,LGAD
LGIO,LGPZ
LGEL,LGAV
LGBL,LGTS
LGAV,LGEL
LGAL,LTBH
LGAD,LGRX
LCRA,LCPH
LCEN,LCLK
KXBP,LBJT2
KWHP,KVNY
KVQQ,KHEG
KVES,KAXV
KTXW,LWRT2
KTVI,KMGR
KTOA,SE306
KTNB,0586W
KTMT,AFSN2
KT82,BDTT2
KSBO,K2J3
KRYY,KMGE
KPVW,KLBB
KPTT,QNRK1
KPPA,KBPC
KOSA,GLMT2
KOPN,K6A2
KOPL,KLFT
KOMN,KDAB
KOLV,KMEM
KNQA,KMEM
KMYZ,KBIE
KLXN,KHDE
KLWB,CGVV2
KLBE,QTRP1
KLAM,TWRN5
KLAL,0527W
KJWN,0679W
KJQF,MTIN7
KJES,STRG1
KIWA,MACP
KHXD,1190W
KHVE,HNMU1
KHSG,PSDW4
KHQZ,KF46
KHOE,TT331
KHOB,KGNC
KHJH,KCNK
KHCR,PGRU1
KHBV,HVLT2
KGYI,KDUA
KGPM,KGKY
KGNC,KE11
KFMH,TT423
KFIN,1334W
KEVB,0834W
KESN,TS817
KEHY,KSAA
KEAN,KGUR
KDRI,LEVL1
KDBN,K48A
KDAG,SE398
KCWF,KLCH
KCTJ,KPUJ
KCKF,BYRG1
KBOW,KGIF
KAZE,KBHC
KALN,MBGM7
KADT,KCBK
KADM,K1F0
KACJ,PLAG1
K19S,KGCK
K17J,TT665
EYVI,EYKA
EYSA,EYKA
EYPA,EVLA
EYKA,EYSA
EVVA,EVLA
EVRA,EVGA
EVLA,EYPA
EVGA,EVRA
ETNG,EHBK
ESUT,ENRA
ESUP,EFET
ESTL,ESTA
ESTA,ESMT
ESSV,ESSB
ESSP,ESSL
ESSL,ESCF
ESSD,ESKM
ESSB,ESSA
ESSA,ESSB
ESPE,ESNX
ESPA,ESNS
ESOW,ESKN
ESOK,ESOH
ESOH,ESOK
ESOE,ESIA
ESNZ,ESND
ESNX,ESPE
ESNV,ESNK
ESNU,ESNS
ESNS,ESNU
ESNQ,ESNG
ESNO,ESNL
ESNN,ESNK
ESNL,ESNX
ESNK,ESNN
ESNG,ESNQ
ESND,ESKM
ESMX,ESDF
ESMT,ESTA
ESMS,ESTL
ESMQ,ESDF
ESMK,ESMS
ESKS,ESOH
ESKN,ESSP
ESKM,ESND
ESIB,ESGT
ESIA,ESGJ
ESGT,ESIB
ESGP,ESGG
ESGJ,ESIA
ESGG,ESGP
ESDF,ESMX
ESCM,ESSA
ESCF,ESSL
ENZV,ENHD
ENWV,ENLE
ENVD,ENKR
ENVA,ENNM
ENUG,ENHK
ENTO,ENRY
ENTC,ENDU
ENST,ENBN
ENSR,ENHK
ENSL,ENHM
ENSK,ENSH
ENSF,ENFB
ENSE,ENQR
ENSD,ENOV
ENSB,ENAN
ENRY,ENTO
ENRM,ENNM
ENRA,ENBO
ENQR,ENSE
ENQC,ENQA
ENQA,ENQC
ENOV,ENSD
ENOL,ENVA
ENOA,ENQC
ENNE,ENDR
ENNA,ENHV
ENMS,ENST
ENML,ENKB
ENMH,ENBV
ENLE,ENWV
ENLA,ENLE
ENKR,ENVD
ENKB,ENML
ENHV,ENNA
ENHM,ENOA
ENHK,ENUG
ENHF,ENAT
ENHE,ENQR
ENHD,ENSO
ENGM,ENRY
ENGC,ENFB
ENFL,ENBL
ENFB,ENSF
ENEV,ENAN
ENDU,ENTC
ENDR,ENKB
ENCN,EKYT
ENBV,ENBS
ENBS,ENVD
ENBR,ENSO
ENBO,ENRA
ENBN,ENST
ENBL,ENSD
ENAT,ENHF
ENAN,ENEV
ENAL,ENOV
ELLX,ETAD
EKYT,EKKA
EKVG,EGPO
EKVD,EKSP
EKSP,EKVD
EKSB,ETGG
EKRS,EKRK
EKRN,ESMK
EKRK,EKRS
EKKA,EKBI
EKEB,EKBI
EKCH,EKRK
EKBI,EKVD
EKAH,EKYT
EGYP,SAWE
EGYM,EGUL
EGYD,EGXW
EGXZ,EGXE
EGXW,EGXP
EGXV,EGNJ
EGXT,EGYD
EGXS,EGXC
EGXP,EGXW
EGXE,EGXZ
EGXC,EGYD
EGWU,EGLL
EGVP,EGDM
EGVO,EGLF
EGVN,EGVA
EGUW,EGUL
EGUB,EGTK
EGTK,EGVN
EGSS,EGLC
EGSH,EGUW
EGQL,EGPH
EGQK,EGPE
EGPU,EGPI
EGPO,EGPL
EGPL,EGPU
EGPK,EGPF
EGPI,EGAA
EGPH,EGQL
EGPF,EGPK
EGPE,EGQK
EGPD,EGQL
EGPC,EGPA
EGPB,EGPA
EGPA,EGPC
EGOV,EGCK
EGOS,EGGP
EGOP,EGFF
EGOM,EGNT
EGNX,EGBB
EGNV,EGXE
EGNT,EGNV
EGNS,EGOV
EGNM,EGXZ
EGNJ,EGXV
EGMD,EGMC
EGMC,EGSS
EGLL,EGWU
EGLF,EGVO
EGLC,EGKB
EGKK,EGKB
EGKB,EGLC
EGJJ,EGJB
EGJB,EGJJ
EGHQ,EGDR
EGHH,EGDM
EGGW,EGWU
EGGP,EGOS
EGGD,EGDY
EGFF,EGGD
EGDY,EGGD
EGDR,EGHQ
EGDM,EGVP
EGCN,EGXP
EGCK,EGOV
EGCC,EGGP
EGBB,EGNX
EGAC,EGAA
EGAA,EGAC
EFVA,EFSI
EFUT,EFMI
EFTU,EFPO
EFTP,EFHA
EFSI,EFKK
EFSA,EFJO
EFRO,EFKE
EFPO,EFTU
EFOU,EFKE
EFMI,EFUT
EFMA,ESSA
EFLP,EFMI
EFKU,EFKI
EFKT,EFRO
EFKS,EFKI
EFKK,EFSI
EFKI,EFKU
EFKE,EFOU
EFJY,EFHA
EFJO,EFSA
EFIV,ENMH
EFHK,EETN
EFHA,EFJY
EFET,ESUP
EETU,ULOO
EETN,EEEI
EEPU,EEEI
EEKE,EVVA
EEEI,EETN
EDWE,ETWM
EDVE,ETHC
EDTY,ETHN
EDSB,LFST
EDQM,ETIC
EDNY,LSZR
EDMO,ETSL
EDMA,ETSL
EDLW,EDDG
EDLV,EHVK
EDLP,ETHB
EDLN,EDDL
EDJA,ETHL
EDHL,EDDH
EDHK,ETNH
EDHI,EDDH
EDGS,ETOU
EDFH,ETSB
EDDW,ETMN
EDDV,ETNW
EDDS,EDTY
EDDR,ETAR
EDDP,EDAC
EDDN,ETEB
EDDM,ETSI
EDDL,EDLN
EDDK,ETNN
EDDH,EDHI
EDDG,EDLW
EDDF,ETOU
EDDE,EDQM
EDDC,ETSH
EDDB,ETSH
EDAC,EDDP
EBOS,EBFN
EBLG,EHBK
EBCI,EBFS
EBBR,EBBE
EBAW,EHWO
BGSF,BGGH
BGKK,BGBW
BGGH,BGSF
BGBW,BGGH
KHSA,NNHM6
KGEU,KLUF
RJNY,RJTR
MMVR,MMMT
MMSD,MMSL
KJDN,KIGM8
KFWS,KGKY
KASG,KFYV
KANE,KMIC
MMZC,MMAS
MMTO,MMMX
MMPA,MMPB
MMAA,MMZH
KTZR,0731W
KTIX,0063W
KSUA,0202W
KSEE,MSXC1
KRHV,RJSC1
KPOC,SE184
KHUM,KGAO
KGYR,KLUF
KGYH,KGMU
KFDK,0405W
KCWA,KAUW
KCQT,SE428
KCIC,CSTC1
KCFO,KDEN
KBJC,KEIK
KAEG,KABQ
KADS,1132W
MMIO,MMAN
MMCU,KPRS
TJIG,TJSJ
PAKU,PASC
MMQT,MMMM
MMCE,MMPQ
MMBT,MMPS
LIRP,LIVC
LHSN,LHKE
LHSM,LHPA
LHPR,LHPA
LHPP,LDOS
LHPA,LHPR
LHKE,LHSN
LHDC,LROD
KWDG,KEND
KUES,KMWC
KTRK,TADC1
KSWF,BCHN6
KSCH,APBN6
KRYN,KTUS
KOUN,KTIK
KMWC,KMKE
KMWA,COWI2
KMMU,KCDW
KMER,KMCE
KJVL,KRFD
KGYY,KIGQ
KEMT,SE260
KCGF,KLNN
KBBG,KFWB
KBAK,KGEZ
KATW,TT571
MMTJ,KSDM
MMSP,MMLO
MMMD,MMCT
MMCT,MMMD
MMCM,MZBZ
MMAS,MMLO
MMVA,MMPQ
MMPQ,MMVA
MMPB,MMMX
MMLO,MMAS
MMEP,MMPR
MMPS,MMBT
MMPR,MMEP
MMLM,MMCL
MMCV,MMTM
MMCP,MMMD
MMUN,MMCZ
MMMT,MMVA
MMMM,MMPN
MMGL,MMIA
MMCZ,MMUN
MMCS,KELP
MMCN,MMGM
MMZO,MMIA
MMZH,MMPN
MMTP,MGRT
MMTG,MMPQ
MMSL,MMSD
MMPN,MMMM
MMPG,K5T9
MMNL,KLRD
MMMZ,MMDO
MMMY,MMAN
MMML,BTTC1
MMLT,MMGM
MMHO,MMGM
MMCL,MMLM
MMAN,MMMY
KCXW,KORK
KHDC,KAPS
KI68,KMGY
K7W6,STCN7
KNKT,NPTN7
LPHR,LPPD
LFMN,LFMD
KC75,KVYS
KPKV,VCRT2
ETWM,EDWE
ETSN,ETSI
ETSL,EDMA
ETSI,ETSN
ETSH,EDDB
ETSB,EDFH
ETNW,EDDV
ETNS,ETNH
ETNN,EDLN
ETNL,EDHL
ETNH,ETNS
ETMN,EDDW
ETHS,ETHC
ETHN,EDTY
ETHL,EDJA
ETHF,EDLP
ETHC,ETHS
ETHB,ETNW
ETHA,ETSL
ETGG,EKSB
ENSS,ENVD
ENSO,ENHD
ENSH,ENSK
ENNM,ENRM
ENLK,ENSH
VCBI,VOTV
AHTI,GASI1
BOII,BSUI1
FAFI,FLEI1
GDVI,TS962
GFRI,TWBI1
MALI,RFTI1
NMPI,KMAN
PICI,OHOI1
PMAI,ONTO
RPTI,KBYI
RXGI,KRXE
TWFI,KTWF
AFTY,KAFO
COVM,TT701
CRSM,KGPI
DRLM,K38S
RDBM,RONM8
SIGM,RONM8
ECHO,HRMO
HERO,UMTO3
HRMO,KHRI
HRFO,BYFO3
IMBO,KLGD
ONTO,KONO
PCYO,YLPO3
GERW,KEPH
LEGW,JUFW1
LIDW,ODSW
ODSW,KMWH
OMAW,KOMK
ARAO,KUAO
BRKO,KBOK
CEDC,SSYC1
CHVO,FKFO3
CRVO,KCVO
DEFO,MMRO3
FOGO,KHIO
GOLW,GNLW1
HOXO,K4S2
HRHW,KYKM
AKFLO,KLMT
LAKO,KLKV
MASW,CMFW1
MDFO,KMFR
MRSO,KS33
PARO,MMRO3
PNGO,HOXO
POBO,KS39
BOZM,KBZN
GFMT,K1HM
HVMT,HRWM8
TOSM,GINM8
DLNM,KDLN
GLGM,KGGW
HRLM,FBLM8
MATM,KM75
RBYM,TS178
MACR,MAHL
MACP,KIWA
MADC,KPHX
MAEF,KGYR
MAGB,OTMA3
MAHB,QHBA3
MAGU,TT482
MASF,MASP
MASP,KPHX
MATW,BLMA3
MAUP,TT482
MAWA,QSTA3
NWRU1,KHCR
QBHA3,QDLA3
QBRA3,QTWA3
QBAA3,QLBA3
QBMA3,QFSA3
CHEA3,QVDA3
QCGA3,QNOA3
QCKA3,MAHB
QDLA3,QBHA3
QDPA3,QLBA3
QEMA3,QHPA3
QFSA3,QBMA3
QGDA3,QMBA3
QGRA3,KJTC
QGTA3,QTCA3
QHAA3,KHII
QCHA3,ASCN
QHRA3,QSCA3
QHBA3,MAHB
QHUA3,QNFA3
TR588,K1AM
QLCA3,KSOW
QLBA3,QBAA3
QMBA3,KIGM
QMLA3,QNFA3
QMRA3,QHVA3
QMMA3,TCRA3
QOCA3,KSEZ
QOKA3,QTWA3
QPPA3,QFSA3
QPAA3,KPAN
QPVA3,QRLA3
QPRA3,QSRA3
QHVA3,QSLA3
TTBA3,MABL
QSBA3,QSEA3
QHQA3,MATW
QSTA3,MAWA
QSPA3,MAHB
QTCA3,QSHA3
QTWA3,QOKA3
QUPA3,KIFP
QVDA3,CHEA3
QWSA3,QFSA3
QYJA3,NVRA3
ATNC1,SE174
ALDC1,ERCC1
ECKC1,TCKC1
NZAC1,KWYC1
ARGC1,KSBP
ASRC1,UCHA
MCCC1,OMTC1
BDMC1,FSHC1
BNGC1,TT627
BBEC1,WDAC1
BPKC1,FMRC1
COKC1,ULBC1
CAPC1,SE135
BENC1,CFAC1
BNDC1,XCDC1
BETC1,SE393
BVRC1,KBUR
BGBC1,BABC1
PIBC1,LVMC1
BDOC1,FLAC1
BOGC1,SWNC1
BNVC1,KUKI
BRHC1,LPZC1
BZRC1,KSIY
PLEC1,KCCR
BKSC1,UCMC
BUFC1,RVDC1
BCNC1,SE286
PEAC1,RSPC1
CLNC1,CFCC1
CMNC1,TR120
CNIC1,SE170
CAZC1,CUVC1
CSPC1,TLGC1
SMTM8,STVM8
CNFC1,EPWC1
CEEC1,SE458
CESC1,KO05
CHOC1,MLCC1
CUUC1,TT321
CMOC1,KCCB
CSTC1,KCIC
CVEC1,SE259
PTEC1,KFOT
CRGC1,KRBL
CTOC1,KWVI
WISC1,KNXC1
CRZC1,SBFO3
CRVC1,SE386
DLVC1,SE041
DENC1,ANEC1
ATSC1,KAAT
DVOC1,SE153
DBLC1,OSMC1
RRRC1,KGOO
DYLC1,BUFC1
EELC1,MASC1
ECSC1,SE084
ESPC1,ULBC1
FCHC1,PRHC1
FWSC1,KL35
FHCC1,TNSC1
FTNC1,SE435
FRCC1,SE081
FMOC1,HYFC1
GNTC1,KVCV
GRSC1,GORC1
GNSC1,KO22
CAHC1,UCHA
HWKC1,KELC1
HLLC1,DUCC1
HDZC1,MRQC1
HGLC1,TR164
HLKC1,RVDC1
HTSC1,MTSN2
HTRC1,TT184
JWBC1,SE465
JTAC1,BOLC1
JULC1,PIHC1
JPRC1,FLAC1
KNWC1,SE375
KRNC1,SE235
KTLC1,KNLC
KNXC1,UCMC
LAHC1,TT467
LPZC1,BRHC1
LDRC1,TS877
TABC1,OBPC1
LTRC1,OKSC1
LSNC1,PSWC1
LCBC1,SE472
LICC1,KLHM
LOAC1,KNUQ
SLRC1,SLWC1
LSGC1,KSJC
LPOC1,SE422
LTHC1,WCYC1
COWC1,KUKI
MBUC1,SE473
LVMC1,VAQC1
VIOC1,TS924
MPOC1,JSDC1
MKEC1,FISN2
MCFC1,MIAC1
MDHC1,OXRC1
MLCC1,SE021
MMKC1,SE263
BIJC1,SE087
MTZC1,TS389
MLGC1,TR120
IDPC1,DINDE
OGVC1,TT709
OKNC1,CLBC1
OMTC1,MCCC1
ONOC1,TT612
OKSC1,LTRC1
OPLC1,SQSC1
OWNC1,ALPHA
PCEC1,HDZC1
PRGC1,SHQC1
PKFC1,LDEC1
PIEC1,HDVC1
PKCC1,TT627
PLTC1,KAUN
PPPC1,SE439
POTC1,BAJC1
MIPC1,RJSC1
PUGC1,KSQL
QTZC1,CLBC1
QYRC1,CHAC1
RCHC1,UCAB
RVYC1,AKPA3
RSPC1,MIPC1
ROVC1,SE046
RNDC1,TT446
SDLC1,SE331
SBIC1,PLAND
SNCC1,UCSC
STFC1,SE108
SRTC1,MRQC1
RSAC1,KSTS
SRIC1,SNCC1
SRUC1,SE078
SWBC1,BUGC1
CFCC1,CLNC1
SETC1,TT470
SHQC1,SE337
SMSC1,SLFC1
ATRC1,DUIC1
SOAC1,TR164
SDRC1,TS877
SMBC1,TTEC1
HSPC1,KHAF
SQSC1,LRLC1
SMDC1,DOGC1
TANC1,SE399
TCKC1,EPKC1
DBLN2,TEXN2
TCAC1,WEFC1
VLCC1,PSQC1
VABC1,IDWC1
ONYC1,BMXC1
WMSC1,SE451
WEEC1,KMHS
WWDC1,SWNC1
CISC1,SETC1
WITC1,TS924
WTHC1,SE158
WVTC1,TSHC1
YOBC1,TT100
UCCC1,SE346
BHRC2,JARN5
LPRC2,KMTJ
BLPC2,KCPW
CPTC2,TS946
CHAC2,MRFC2
CHRC2,HACC2
CGRC2,TS875
CMEC2,KAJZ
DHOC2,MITC2
DMMC2,BCRU1
DYKC2,SDVC2
SURC2,LODC2
DJTC2,DYGC2
DRAC2,K4V0
DRYC2,KSBS
FCRC2,KFCS
GDRC2,KCAG
GSPC2,K20V
GPRC2,KEGE
HCKC2,PIRC2
HMEC2,KGUC
JCRC2,CMEC2
JAYC2,LPRC2
LODC2,SURC2
LKGC2,TR563
LDRC2,BCRU1
MMRC2,KDRO
NUCC2,TT707
PNRC2,KGJT
CCEC2,KTAD
PIRC2,HCKC2
PCPC2,DYGC2
RDKC2,K7BM
RFRC2,RSOC2
RFEC2,KRIL
SAWC2,TS040
SDVC2,DYKC2
SPKC2,NUCC2
SODC2,KCCU
STOC2,K5SM
TAPC2,LPFC2
CRWC2,KASE
WLCC2,TT689
WICC2,GSPC2
ACRI1,PBUI1
BCFI1,LLGI1
YFFI1,STNI1
BFRI1,TRII1
BULI1,CRII1
CHRI1,KLLJ
DYGC2,K20V
CBFI1,ACRI1
CYFI1,RFTI1
DEAI1,MGFO3
DPKI1,SCTI1
DEHI1,LCRI1
DNFI1,PIEI1
DMNI1,WYNI1
EZRI1,SMYI1
FERI1,SYRI1
FHFI1,LCKI1
FLEI1,FAFI
FLFI1,KLGU
GASI1,RXGI
GSKI1,RCKI1
GRAI1,GREI
HBFI1,TT086
HPFI1,STNI1
INDI1,KRCI1
KELI1,PIEI1
KRCI1,SMYI1
LDOI1,BRRM8
LTAI1,TCFI1
THFI1,YFFI1
LPFI1,MRHI1
MOFI1,MALI
MYFI1,RRII
MOOI1,SVFI1
OHOI1,NFFI1
PIEI1,SYRI1
PNFI1,LTAI1
PLFI1,SCFI1
PCNI1,GRAI1
PCKI1,TT086
POTI1,KPUW
PBUI1,ACRI1
RFTI1,MALI
RRFI1,MRHI1
ROCI1,PICI
SADI1,PLKI1
SMYI1,KSMN
SHCI1,POTI1
SFFI1,KMYL
SKFI1,HHAI1
SCFI1,PLFI1
SRFI1,HRLO3
MCLI1,KMYL
TCFI1,LTAI1
TRII1,BFRI1
TWBI1,GFRI
WEFI1,SFFI1
LMRM8,HRKM8
ARMM8,K1OM
BAFM8,FHFM8
BIFM8,LBBM8
BEFM8,GSNM8
LCFM8,KMLS
BHMM8,TT631
BLUM8,KGGW
BSHM8,FHFM8
BRRM8,LDOI1
CACM8,KBHK
CYFM8,POEM8
DBCM8,MCDM8
FBLM8,HRLM
FHFM8,BSHM8
GAAM8,TR267
GINM8,EKHM8
HOTM8,PLAM8
JETM8,RDBM
KIGM8,KJDN
KTFM8,PNHM8
LBHM8,WWMM8
LBCM8,ARMM8
MCDM8,ALDM8
PRDM8,STGM8
PNHM8,KGDV
PMRM8,SDAM8
RRDM8,BTKM8
RCBM8,KHVR
SSMM8,KIGM8
SPOM8,FIEM8
STKM8,CLWM8
RFPS2,KPIR
WWMM8,LBHM8
ALDM8,MCDM8
CWRN5,MMRC2
BATN5,TS123
MGNN5,RESN5
ACON5,GMLN5
CPPN5,TR724
BCHN5,COPN5
CBBN5,VCEB
LOMN5,SNDN5
DUNN5,MAYN5
REMN5,KROW
HHRN5,ACDM
GMLN5,RMAN5
MPAN5,TS123
LVPN5,GSCN5
DPRN5,BVRN5
SNDN5,LOMN5
MCRN5,CSMN5
SLMN5,RESN5
COPN5,KSRR
ALLN2,RLKN2
BRLN2,SSYC1
BATN2,KBAM
BLUN2,NHUA
CYVN2,EDCVY
BUFN2,BUFC1
CATN2,BRLN2
CTLN2,NSWM
CEDN2,CLFU1
COIN2,EURN
COMN2,K05U
COYN2,CTLN2
CRSN2,KEKO
CCRN2,TMBN2
DEDN2,NBNG
GRVN2,EDCVY
DESN2,NLAZ
DRYN2,NHUA
FISN2,KMEV
FOXN2,JSPN2
IMWN2,ENTU1
JSPN2,FOXN2
KNSN2,NPWL
KYCN2,RRKN2
LONN2,PCKI1
MTHN2,DNEP7
MORN2,DNPVA
MTSN2,RRKN2
PANN2,DNKAW
RBTN2,NANV
RRKN2,MTSN2
RSCN2,BULI1
SIAN2,RBTN2
SPGN2,KENV
SPMN2,NSTV
STMN2,POCN2
TEXN2,DBLN2
MJBN2,BLUN2
AGFO3,BKFO3
ALFO3,IRFO3
ATFO3,CPFO3
BGFO3,SLTO3
BKFO3,AGFO3
BAFO3,RLFO3
BQFO3,FFFO3
OKFO3,RNFO3
BYFO3,EKCO3
BCFO3,KGCD
BOFO3,DTRO
IRFO3,CSFO3
BWFO3,WTFO3
BRUO3,TCFO3
PKFO3,MSFO3
BUCO3,TT333
BNFO3,TRFO3
CAFO3,FKFO3
CLFO3,KMRO3
CVFO3,TRFO3
TPEO3,LBFO3
CNFO3,WKFO3
CEFO3,KEEO3
LBJT2,KLUD
CQFO3,AGKO
CIFO3,EMFO3
PTFO3,SLKO3
CSFO3,SLFO3
CGFO3,MEFO3
CPFO3,ATFO3
CWFO3,KBNO
ENFO3,ADFW1
EMFO3,CIFO3
EVFO3,MLFO3
FMFO3,KGCD
FEFO3,EMFO3
FFFO3,BQFO3
FAFO3,BKAO3
FKFO3,CHVO
FLFO3,FGFO3
GRBO3,LORO
GDFO3,SGFO3
GSFO3,KREO
WWCO3,KEUG
HYFO3,KRDM
HHFO3,WSFO3
LOFO3,WWCO3
HSFO3,WPKO3
OYFO3,KMRO3
SBFO3,CRZC1
JRFO3,KLGD
KEEO3,KGCD
LBFO3,KS21
MTTC1,MMTC1
LGFO3,BNDW
MLFO3,K3S8
MEFO3,CGFO3
OOFO3,LMCO3
MGFO3,DEAI1
MSFO3,PKFO3
WSFO3,HHFO3
YNFO3,LOFO3
MMFO3,WSRO3
NPFO3,BHRO3
OMFO3,K3S8
OWFO3,PMAI
FGFO3,OOFO3
ARFO3,BUCO3
PAFO3,KDLS
PEFO3,CGFO3
PPFO3,IMBO
PYFO3,PARO
PRFO3,MLFO3
QPFO3,RMFO3
RXFO3,WSFO3
RTFO3,BAFO3
RMFO3,KBOK
RLFO3,OOFO3
BTFO3,ENFO3
RCRO3,TT607
RNFO3,OKFO3
BDFO3,RKHO3
SHFO3,KBNO
SLTO3,BGFO3
SDFO3,AGKO
TRFO3,BNFO3
SVFO3,MLFO3
SLFO3,CSFO3
SAFO3,FAFO3
SQFO3,MDFO
STFO3,GRBO3
SGFO3,CCRO3
SMFO3,KLKV
TMFO3,OYFO3
TOFO3,GDFO3
TCFO3,BRUO3
TUFO3,K9S9
VCFO3,FNWO3
WTFO3,BWFO3
WMFO3,PYFO3
WKFO3,CNFO3
YEFO3,DTRO
BBFO3,MSFO3
ACRU1,BYCU1
ARAU1,TT390
ASYU1,TS715
BADU1,GDNSP
BADU1,GSGN2
BIVU1,TS946
BKCU1,TT156
BSTU1,JSPU1
BRPU1,FIVU1
BCRU1,UPRU1
BUKU1,TT441
BEUU1,KHIF
CCRU1,KPRU1
DIAU1,KPRU1
FIVU1,BRPU1
FTMU1,KPUC
HWAU1,BRAU1
HOHU1,KU52
HSRU1,KPUC
JSPU1,BSTU1
JVAU1,K41U
KAGU1,NLPU1
KPRU1,DIAU1
LPRU1,ZIOU1
LSCU1,SIGU1
MCKU1,UPRU1
MSRU1,VENU1
PGRU1,KPVU
SBWU1,BKCU1
SIGU1,LSCU1
TFRU1,TT443
TBSU1,KBCE
TVWU1,DNEP8
UPRU1,MCKU1
USWU1,MCKU1
VENU1,MSRU1
WRRU1,TS716
WNTU1,USWU1
SFLU1,KVEL
YLSU1,KU69
ABNW1,TR950
ADFW1,SILW
BMFW1,IMTW1
CMFW1,MASW
CYFW1,DCCW1
BSCA4,KCCA
CGFW1,QCNW1
DOUW1,TT246
DIFW1,CMFW1
DRYW1,OKPW1
FIFW1,SWYW1
FTFW1,FRCW1
GMFW1,SBMW
GWFW1,LSFW1
TRKW1,BNDW
EMTW1,FRKW1
UCNC2,CGLK1
HKFW1,ABNW1
HUFW1,BKBW1
JEFW1,KSHN
SKKW1,VPFW1
JUFW1,LEGW
KCFW1,SMFW1
KOSW1,ASHW1
KMFW1,OMAW
LCFW1,KFLW
LEFW1,DIFW1
LSFW1,GWFW1
LLFW1,OVLW1
MIPW1,HKFW1
NCSW1,KS52
NEFW1,GCDW
OVLW1,TT603
OCFW1,BKRW1
OMFW1,LCFW1
OLFW1,TOFW1
PMFW1,LPOW1
PEFW1,MEFW1
QCNW1,CGFW1
MEFW1,PEFW1
PIFW1,MILW1
SMFW1,CYXX
FWFW1,KELN
TCFW1,FRCW1
TPFW1,SGNW1
FTAW1,LSFW1
BKRW1,OCFW1
VPFW1,DRYW1
ANDW4,KLND
BRLW4,KW43
BUJW4,MCRW4
ERAW4,GTGW4
CAMW4,RSNW4
CMRW4,KCPR
COWW4,SDSW4
CDAW4,TCTM8
DODW4,ESTW4
EGLW4,THRW4
ECEW4,KGCC
ELKW4,KDUB
ESTW4,KDGW
RSNW4,CAMW4
GTGW4,KJAC
GCRW4,TT610
HAFW4,KPNA
HOBW4,RASW4
HHRW4,MCRW4
MCRW4,HHRW4
MUDW4,KFBR
PCRW4,SPLW4
QADW4,HBRM8
RASW4,KDUB
RHKW4,KDGW
SAWW4,IMRC2
SPKW4,KBYG
BPYW4,KLYW4
SNOW4,KRKS
SPLW4,PCRW4
THRW4,EGLW4
WRVW4,KLND
WPKO3,HSFO3
RVZU1,KHCR
WRDO,LKNC1
ALRA3,LUAN5
QNOA3,QCGA3
FZWA3,AZPA3
QHEA3,QRLA3
QRCA3,DACFB
QSLA3,QSGA3
QGBA3,KCMR
DPMC1,KTRM
EKIM8,KBHK
BKRC1,PEPC1
HDVC1,PIEC1
EDRC1,SE413
CLHC1,KRIV
CLBC1,OKNC1
EPKC1,TCKC1
FMRC1,SE446
BMUC1,TT445
HYFC1,FMOC1
IDWC1,TBRC1
IWLC1,SE447
JSNC1,PEPC1
LRLC1,SQSC1
MDDC1,FMOC1
WLYC1,SE200
MNLC1,SE400
MTQC1,SHVC1
MSAC1,KMHS
NFRC1,SE381
PCLC1,HDZC1
RDVC1,LAYC1
RSHC1,ATSC1
SWLC1,KLGF
SLFC1,SMSC1
TSCC1,SE476
UHLC1,SE341
WEFC1,TCAC1
ESPC2,HRBC2
LUJC2,NCKC2
MRFC2,CHAC2
PKLC2,KC99
HSGC1,BNTC1
IPFI1,HBRM8
DEEM8,LRCM8
GPRM8,TT701
HRWM8,HVMT
HNYM8,WGRM8
LNCM8,K38S
LSNM8,KMVH
BLMM8,KMSO
PNTM8,TT350
STVM8,TR285
WSRM8,WSSM
DPKN5,STLN5
TJRN5,SFXN5
SEVN2,COMN2
BAZC1,SE035
WWAC1,SE363
SSYC1,CEDC
BRAU1,HWAU1
CDMU1,TT391
NLPU1,KAGU1
EKRW1,KOSW1
ESCW1,TWRW1
BECW4,CMWW4
WALC1,SE401
ANEC1,DENC1
DOGC1,SMDC1
CEKC2,DMTC2
CUHC2,KVTP
TEPM8,OBRM8
WSFM8,LRCM8
MNCC1,SE338
SVFI1,MOOI1
MALP,QHBA3
MAHL,MABL
MABL,MAHL
QHJA3,QSRA3
QMOA3,QHJA3
QCAA3,KFHU
QHTA3,QSCA3
QNFA3,QMLA3
TMBN2,CCRN2
PLIC1,TT100
BABC1,BGBC1
WFHC1,SE119
BUGC1,SWBC1
BTTC1,FTYA3
CDEC1,CBXC1
CVBC1,MPOC1
CFAC1,POUC1
CGVC1,PRGC1
TR119,PAMC1
TR120,MLGC1
CNAC1,SE219
DKYC1,SE367
FNWC1,DKYC1
FSHC1,SETC1
FHLC1,HLPK
GQEC1,CSXC1
GOSC1,KRNM
HOAC1,BIIC1
PRHC1,FCHC1
KELC1,HWKC1
LSFC1,KNFG
MCGC1,LAYC1
MASC1,EELC1
TR164,SOAC1
MOUC1,KO22
MMTC1,HSQC1
BSNC1,WWNC1
OVRC1,SE102
PIHC1,JULC1
RVDC1,HLKC1
RRAC1,KRDD
MRQC1,HDZC1
RCEC1,SE390
NWRC1,SYWC1
SLEC1,MWKC1
SHUC1,NTCC1
SHVC1,SE385
SFWN5,KSAF
SYWC1,HGLC1
TRMC1,FNWC1
MMOC1,OBRC1
BAWC2,CHRC2
BTAC2,KBDU
NCKC2,LUJC2
BMOC2,CYNC2
CYNC2,WLCC2
THMI1,GASI1
BFYI1,K65S
MAEI1,KSZT
POPC1,SE038
HOOI1,KCOE
LCKI1,FHFI1
MRHI1,RRFI1
NFFI1,OHOI1
NUCI1,FHFI1
CRII1,BULI1
PLKI1,SADI1
HMMC1,SE069
FINM8,PNTM8
TR267,GAAM8
CONM8,RONM8
DBYM8,K6S0
ENNM8,KEKS
EURM8,CYFM8
MBRM8,KLVM
SLKO3,PTFO3
HBRM8,QADW4
LBBM8,ZONM8
NINM8,FINM8
PHGM8,YNKM8
PLAM8,KS34
FCRM8,BDLM8
TR285,STVM8
BSKN7,GDCN7
SEEM8,CLWM8
OTYC1,MMTJ
SGOM8,BOZM
STGM8,PRDM8
HHAI1,SKFI1
THAM8,STGM8
TCTM8,CDAW4
TRCM8,THAM8
TROM8,LBBM8
WGRM8,HNYM8
WHHM8,JVWM
WRSM8,K3U3
YKAM8,BIFM8
YLWM8,KEKS
BVRN5,TT106
CSMN5,KALM
BAEI1,SKFI1
MGLN5,DTLN5
MSCN5,COPN5
KRCH1,NENH1
SURF1,WHSF1
TWRN5,KLAM
BLKO3,IMBO
MIAC1,MCFC1
EKCO3,BYFO3
HRLO3,SRFI1
YLPO3,HRFO
SPCW1,GCDW
STRW1,OPWW1
TOFW1,OLFW1
OASF1,RACF1
ERCC1,ALDC1
LAYC1,UCAC
HSQC1,MMTC1
OBRC1,MMOC1
QSGA3,QSLA3
BIIC1,HOAC1
PPSC1,UCBC
MOLC1,SE479
TCLC1,SE437
PHYM8,NCRM8
SAWM8,TT701
FGMC1,UCSE
OZNC1,SE321
MILW1,TPFW1
SGNW1,TPFW1
CHAC1,QYRC1
POEM8,CYFM8
LEIW4,SPKW4
QFLA3,KFLG
QGLA3,QSCA3
QHPA3,KOLS
QISA3,KPRC
QLKA3,KSOW
GRSN5,KGNT
JESN5,VRDD
MAYN5,DUNN5
MTNN5,SEVN5
TRUN5,BMRN5
KLYW4,BPYW4
DUCC1,HLLC1
QLMA3,QDLA3
BPFC1,SE484
MAGL,KGXF
QSCA3,QHTA3
DEMC1,BKGC1
LTLC1,SE271
BLMA3,MABM
QTUA3,KGCN
TR419,KSNS
CNSC1,SE298
SLWC1,SLRC1
VDBC1,KLPC
QSEA3,QSBA3
MIGC1,KSDM
CSBN8,KPWD
FRTN8,KDVL
AMDN8,TS428
SNGN8,KGWR
WCYN8,KS25
HSYN1,KTIF
HRSN1,KCDR
SBFN1,KBFF
DOHS2,RHRS2
INBS2,SDSS2
CRRS2,RHRS2
PRMS2,TT493
NMOS2,FMRS2
PRGS2,KIEN
RDCS2,WCAS2
HILT2,FADT2
AFWT2,KRKP
ANWT2,KELA
BNET2,BFXT2
BZRT2,KLBX
CEDT2,KBGD
CSBT2,PJNT2
GLMT2,KJXI
GELT2,KGVT
ATRT2,KPIL
FADT2,KBPT
PSGT2,GDBT2
LWRT2,MMRX
WRRT2,WVLT2
GDBT2,PSGT2
TGSK1,KEMP
JARN5,KSKX
DWRN2,DNES4
GWRT2,KBEA
STBM8,TS696
RSBU1,RCKI1
OTRU1,RSRU1
CLFU1,CEDN2
MTHI1,KMUO
BOOM8,TT064
UINU1,KVEL
BMXC1,IWLC1
ENTU1,TS716
CMAC1,POUC1
CADT2,KASL
LKNC1,WRDO
WYNI1,DMNI1
RLKN2,ALLN2
FNWO3,KCVO
KMRO3,OYFO3
UMTO3,HERO
OTOW1,KMWH
LPOW1,K63S
TWRW1,KGEG
WPRW1,TT535
JSDC1,EPWC1
QNRK1,KLYO
JCSN8,KMIB
LWDN8,K08D
RESN1,KAIA
VRFN1,KVTN
BPOC1,SE406
STWM8,TT064
SDMW1,GERW
APLT2,KPSN
RHAT2,KF44
STHC2,GPRC2
MITC2,TT394
BBRC2,TS761
FART2,KAPY
LSRT2,KTXW
KSHC2,LSTC2
HACC2,POLC2
POLC2,HACC2
PCRI1,KDIJ
CTPC2,POLC2
TR563,LKGC2
WCRM8,MBRM8
CGLK1,KEHA
CGLK1,KEHA
STNI1,HPFI1
QHIA3,QNMA3
TBRC1,TT446
SRDT2,KLBX
TCRA3,QMMA3
GNLW1,GOLW
UDWC1,BGBC1
WTPC1,SE129
ALHA2,PAOR
AGLA2,STUA2
WBQA2,VNKA2
BENA2,CLCA2
BIRA2,PCKA2
BLAA2,MOGA2
BDVA2,HRDA2
CPKA2,FRBA2
CIKA2,PFYU
CHTA2,LIVA2
CKNA2,EGYA2
CSNA2,CREA2
EGYA2,PAEG
FRBA2,TT620
FWLA2,PAFS
GECA2,GDPA2
GDPA2,PABI
GRAA2,KNLA2
HAYA2,PAKK
AWRA2,CIKA2
HOZA2,LSTA2
HOGA2,PAHL
HMEA2,PAHO
NKOA2,PAKV
TETA2,PAOR
KAIA2,PAKV
KANA2,PATA
KELA2,PADG
KNLA2,PAWD
KNAA2,SGSA2
SRKA2,PAIK
KILA2,PATG
KLAA2,PAGK
KOYA2,TAGA2
LIVA2,CHTA2
MOGA2,BLAA2
TTLA2,BKSA2
LSTA2,CPKA2
NRUA2,RAMA2
PXKA2,PAGK
PMNA2,PARY
PCKA2,PFYU
QRZA2,SRTA2
RNDA2,PAIM
DVCA2,PAIN
SMTA2,CYOC
SMIA2,LIVA2
SGSA2,KNAA2
SWNA2,SDFA2
THOA2,PAKW
TKRA2,TKFA2
VNKA2,WBQA2
BHFA1,K1M4
LRWA1,K4A9
OKMA1,KEKY
OPNA1,DXRA1
TLDA1,KPLR
TKGA1,KAUO
ODEA4,KMWT
LPIF1,CHKF1
CHKF1,KTMB
LOHF1,0430W
MRFF1,KTTS
RKIF1,PSTF1
OCOF1,PSTF1
RACF1,OASF1
NAOG1,TT421
BRSG1,CHGG1
CPMG1,0634W
CHGG1,KAJR
COHG1,EJAG1
JONG1,TT331
ONFG1,BOLG1
TULG1,HGLN7
TCCG1,KDZJ
HKUH1,PMLH1
KTAH1,SCEH1
KAOH1,KPDH1
KKUH1,PLIH1
MKAH1,PLRH1
MKPH1,PAFH1
MKRH1,DLGH1
PLIH1,KPRH1
PTAH1,PHSF
PKAH1,PKWH1
PKWH1,PULH1
SCBH1,PHHI
SCEH1,PHHI
BNRI2,KCGI
DSFI2,TS796
HDRI3,KBMG
TSWI3,TS564
CHTK2,KI35
KOMK2,KJKL
LBLK2,STHT1
SOMK2,KSME
TRMK2,KSYM
YELK2,K1A6
CANL1,KMNE
BENL1,KAEX
GARL1,KAEX
GUML1,KIER
NATL1,KAQV
LEVL1,KPOE
ASTM2,KOXB
IAHM1,KRKD
ANPM1,KBHB
MWRM1,CYFC
RCWM1,KSFM
BDWM4,WLLM4
SBDM4,KFKS
DOEM4,STOM4
MMOM4,KY31
OJIM4,WINM4
RACM4,TRLM4
WMTM4,KLNL
WINM4,CYQT
FRNM5,ISAM5
BEVM7,KBBG
CRRM7,BGSM7
DFSM7,K4M9
SINM7,CRRM7
FSTM6,RHCM6
BLCM6,CKWM6
BDEM6,MPAM6
HLYM6,KTVR
TROM6,KTUP
MCCM8,K1S3
LAUM6,KLUL
WINM6,KUOX
BKIN7,CLJN7
CGLN7,KDAN
DKFN7,0422W
FBRN7,KPOB
GCRN7,KEDE
GUIN7,TBLS1
HFMN7,KNCA
CUWN7,K24A
LXFN7,KEXX
NATN7,KSUT
NCVN7,GDCN7
RVZN7,KUKF
WANN7,KAVC
RUTN7,KFQD
SUNN7,KSUT
TURN7,KEYF
WHIN7,KCPC
THKO2,KRKR
WMRO2,KFSI
WLHS1,TULG1
SRSS1,LCSS1
LCSS1,SRSS1
WHIS1,K35A
WTHS1,KMKS
BSFT1,KSCX
CHKN7,TOSN7
CCKT1,CHON7
IGGT1,KTYS
MERT1,KMRC
PGVT1,KGCY
GDSV2,KSFQ
DBYV1,LSC06
EMRV1,KMVL
ESXV1,KBTV
LAAW3,TT278
NTCC1,SHUC1
MLKM8,KPWD
AWWN8,K46D
HMDN8,KD55
MRLS2,KBTN
GALN2,WRUN
LTJC1,SE168
SWNF1,0464W
SAMF1,0012W
BBNL1,CLCL1
SHCM6,KPQL
POCN7,KEDE
JEFS1,KHVS
SVNS1,KSAV
PJNT2,CSBT2
GORC1,GRSC1
TR724,REMN5
AFSN2,KTMT
SNYM4,KISQ
ANEW1,TT603
CHEO1,KRZT
ZSFO1,VFFO1
VLYC1,SE331
BDTT2,KT82
QSHA3,QTCA3
WALN4,KFWN
SPCM4,KERY
CRIK2,KK62
BDRM5,KY49
BTTM5,KBDE
BMJM5,KBJI
BIRM5,KBRD
CAVM5,KANE
EFFM5,KFOZ
HIBM5,KHIB
HCYM5,KGPZ
KDNM5,KVWU
LXLM5,KLXL
LITM5,KINL
MZHM5,KCOQ
JMRM5,KJMR
ORBM5,KORB
RNRM5,KROX
SNWM5,KCOQ
ITCM5,KPKD
BYCU1,KBCE
HAKL1,KUXL
BPNC1,SE257
GFSK2,KM21
NLHV1,VTW08
PREM2,KFME
LVYN2,DNWLS
BLWM2,KCGE
OCVN4,KACY
ABMN6,KGVQ
NINR1,KBID
BBYV2,1329W
PRGV2,KW96
ZIOU1,LPRU1
MAYW3,KUNU
NEHW3,K82C
BIGI3,KIMS
DEOI4,KBTA
NSWI4,KTNU
COWI2,KMWA
AGRM5,KTVF
DMLM5,KDTL
CSCM5,KPNM
CCYC2,TT689
CEKC1,SE443
TEXT2,KTXK
RBYC1,TABC1
HSEC1,KCVH
CBDT2,K81R
CYSM6,K1R7
NNHM6,KHSA
RMAM6,K0R0
SHLA1,LGLA1
DENT2,CADT2
HDRT2,KRFI
WVLT2,WRRT2
STUC1,ULBC1
MSAT2,KAQO
HTVT2,KUTS
CKST2,KPRX
AGKO,CQFO3
BKVO,EKCO3
CJDW,KMFW1
DTRO,BOFO3
EURN,K05U
FALN,KNFL
GCDW,SPCW1
KFLW,LCFW1
LORO,GRBO3
SBMW,WPRW1
SILW,KLWS
PKLT2,KRPH
BNDW,TRKW1
BKBW1,HUFW1
MBMW1,FIFW1
WDAC1,BBEC1
KRBT2,KJAS
AFRG1,0643W
BOLG1,ONFG1
EJAG1,KDNN
DLSG1,KPUJ
DSVG1,0637W
HRDG1,KMLJ
MRAG1,KMQW
PLAG1,KACJ
GRNW2,KBKW
BYRG1,KACJ
MDWG1,KLHW
TR889,K8A3
CMLG1,KCXU
AELG1,0560W
MTFG1,KMHP
VCRT2,KVCT
RLKC1,FMOC1
BNYN7,KOCW
BXYG1,KBHC
OKEG1,KAYS
ELOM5,KELO
ISAM5,FRNM5
MEAM5,KCDD
SEAM5,KCKC
JBGC1,KOVE
LOUG1,K2J3
WSNG1,KIIY
IVET2,KCOM
STRG1,KBQK
NNAG1,KCCO
LNIH1,PHNY
JCAK2,KJKL
MLKH1,PAFH1
PULH1,PWWH1
PWWH1,KPLH1
BSAK2,KSJS
WNVH1,SCBH1
TR931,REMN5
BTRT2,LATT2
GZFC1,KPVF
BNHT2,KE41
BNTC1,SE265
LRCM8,DEEM8
CTMU1,KU52
STOM4,KESC
CASM5,KY49
GMFN6,KELM
SRON6,MVAN6
SBFN6,KOIC
BCHN6,KPOU
BKKW1,KNOW
TR950,KKLS
TR951,KTTD
BLAN4,KVAY
CTWN4,KNEL
GSNM8,BEFM8
LMCO3,OOFO3
MTIN7,KCLT
CSVC1,SE419
BLWN5,KGNT
CIMN5,KAXX
KNFT2,KT78
DCRM8,SHBM
SDAM8,KBIL
DCCW1,CYFW1
ANBM2,0522W
PWRV2,KNYG
FOXM2,KRSP
BGSM7,CRRM7
PINS2,PRGS2
NLOF1,0327W
CMTA4,TS671
LHQV2,KLUA
DVLW4,KW43
OHAW1,OCFW1
BDKW2,KW99
MCBT2,KF05
DTLN5,ACON5
BNVA4,KFSM
JVLA4,KHOT
BRKO2,K4O4
CHON7,KRHP
NPTN7,KNKT
GDCN7,NCVN7
LWEF1,KSEF
LACL1,K3L4
UNFN7,KHBI
PRWF1,0097W
POUC1,CFAC1
LOLP1,TS717
FIEM8,DCRM8
NBRC1,NVHC1
TS040,SAWC2
RBVN2,NCLV
TQIN2,KTPH
ZNRN5,KGUP
TS049,SE204
VAQC1,LVMC1
SRXC1,SE442
SHOT1,KSNH
BLDT1,KCSV
BURT1,KM02
CSFT1,K1A6
LSBT1,KLUG
DLOT1,BOCT1
PCFT1,KCHA
LCLT1,KOQT
IMTW1,BMFW1
CMDT1,KHZD
CHFT1,KMKL
CSST1,KCSV
HCOT1,KMOR
GNDT1,KHZD
LFFT1,KXNX
DAFT1,KDYR
WAGI1,LCRI1
TNFM6,KSTF
SSRT2,KJAS
BDLM4,KGRR
GYGM4,KGOV
GINM4,LBRM4
INDM4,KPLN
LBRM4,GINM4
LEOM4,KHTL
EVAM4,KRQB
PIEM4,BPLM4
RANM4,KIMT
REXM4,KERY
RYDM4,KCIU
RLAS2,K9V9
ATAM4,KPZQ
WKFM4,KIWD
RHUS2,KHON
CHRO3,DVLO3
GUPT2,K5C1
NNSC,KRNO
SLIDE,LVYN2
WNC,KCXP
SGHEN,TADC1
CSSL,ONION
CSSL,ONCC1
RCPC1,SE342
LARU1,TT441
QPHA3,KRQE
WPSN5,QPHA3
CWYN3,KIZG
RHCM6,KPIB
MEGT2,KPWG
TMPT2,KTPL
DYER,KBIH
MPAM6,KMCB
CDHT2,KGPM
LGRW2,BEEW2
TS123,BATN5
BEWO,TMRO3
BFTM,HRLM
JVWM,WHHM8
MWSM,K1CM
SVWM,KLVM
UMHM,K1KM
WSSM,WSRM8
RLDM6,KNMM
RNEM6,KNJW
WEDC1,SHUC1
DARN7,GUIN7
CAPT2,KPVW
MAHN7,PGVT1
HBYT2,KABI
MNDT2,KMAF
TS161,K7W6
TAYN7,KSVH
NBRN7,KEWN
CBRA3,KBLH
KNGS1,KEHO
LKKM6,LAUM6
FDST2,WDPT2
BLKD1,0999W
REDD1,KGED
SNLN5,KABQ
MDEC1,WDAC1
TS178,RBYM
DLGH1,MKRH1
BLGT2,KHRX
MFCM6,KM40
ATAM7,KIRK
CHOM7,KMHL
CITM7,KGLY
CMMM7,KOZS
HRDA2,BDVA2
BLRA4,KCDH
SDNA4,KLIT
WLLM4,KMBL
DRKT2,K3F3
SCKM4,KOSC
CLRW3,KASX
GYAA4,KCCA
ANIC1,KOXR
LPDC1,SE172
RSOC2,KFNL
HRBC2,KGNB
FMRM7,KFAM
MVVM7,KHFJ
TS211,KFYG
CLSW1,KCLS
ENCW1,KPLU
CRKI1,KLWS
SDNC2,BMOC2
BKGC1,SE304
RONM8,RDBM
SCTI1,KPIH
CMWW4,BECW4
WSHW3,KASX
MAOP4,CRRP4
TS234,KFAY
LPSN6,KNY0
MVAN6,KSLK
GSCN5,TRUN5
BFAN6,KMSS
SFAN6,KPBG
WNKN6,KPTD
CSXC1,GQEC1
JNSC2,KAEJ
LSHI4,KTQE
BKTI4,KSUX
ESDA4,KBVX
GRYT2,KGDJ
CKNT2,KCXO
LGNT2,K3T5
LRWT2,KLFK
MATT2,KCDS
VRNL1,LEVL1
FIRM8,ZONM8
BFSF1,1155W
CRAF1,TS959
EDTF1,JONG1
LGRF1,0396W
OLSF1,KLCQ
SNDF1,0054W
WHSF1,SURF1
BHRO3,KS39
CCRO3,SGFO3
SMCO3,KOTH
LGPO3,SMCO3
EGKO3,KTTD
FPRO3,K4S1
MMRO3,PARO
MLLO3,TWRO3
TWRO3,MLLO3
RKHO3,TT692
SFKO3,TMKO3
SYNO3,YEFO3
TMKO3,KTMK
TMRO3,BEWO
WSBO3,KDLS
WFRV1,KDDH
CDDT2,KF00
CPGT2,K6R3
RTCT2,KDKR
ZVLT2,KLFK
DKLA2,PAIN
SDFO1,KDWU
HGLN7,TULG1
TSQN7,KDZJ
TOPN7,K1A5
TISM6,KSNH
WRUN,GALN2
CREA2,CSNA2
CTUA2,TANA2
WIGA2,EVCA2
TS303,KLGU
PAMC1,TR119
QRLA3,QPVA3
YCGN2,NROG
STLN5,DLCN5
WMGI2,KJOT
LPSA4,KJBR
ANFP1,KZAP1
RAWN4,KCDW
SVHA4,KFLP
MHEC1,SE476
TAWW3,KTKV
WUFW3,KARV
CGVV2,KROA
KEHW3,KEZS
CLCA2,BENA2
PIVC1,SE465
TS337,KEYF
DKBA4,TS671
STKA4,KSLG
LRAN5,GRSN5
RMAN5,GMLN5
BATO,TT626
QENN5,BATN5
GMTC1,SE167
LLKS2,K7L2
GELO3,KCVO
RHOM6,KGWO
DLEW3,KMRJ
GDNS1,KMMT
AGOW3,KAIG
BRNW3,KOLG
BFWW3,KBCK
WUTW3,KY50
HWDW3,KHYR
LDYW3,KRCX
DMLW3,KRCX
MRZW3,KOLG
PEEW3,KMSN
NKAW3,KISW
LNDW3,KROS
WUEW3,KMNM
SHPN6,KALB
AFWW3,KEAU
AZPA3,FZWA3
BONA1,KJKA
TS376,JMRM5
CUTM5,KFOZ
LFSM5,KLJF
KHOH1,PHKO
TS389,KJAQ
BSTM5,KVVV
GRAA3,KP08
FCRT1,KHOP
SUAM8,DEEM8
CAOM3,KPVC
TS428,AMDN8
MGRM7,RBRM7
NOXM6,KSTF
GDNW3,CLRW3
WSEV2,KLNP
FVRV2,KFRR
LKRV2,TT130
BMRN5,KLAM
PMRM7,KPOF
LCRS1,KGRD
CROV2,KW13
SHXC1,CSXC1
TS480,KVPZ
AGTN1,MTRN1
WCAS2,CSPS2
RHRS2,DOHS2
FMRS2,NMOS2
LKRW2,K3I2
TMRW2,KBVI
NATW2,KCBE
MKLN7,KSOP
MLCN5,KRTN
CWLW2,1307W
FLRW2,KW22
CDSK2,KGLW
BEEW2,KCRW
BRWW2,KBLF
KGWW2,CRFW2
UPTW2,KW99
PIRW2,KBKW
RLKM5,KHZX
NCIG1,KSSI
MPEC1,KNKX
DVLO3,LOFO3
TNBM1,KMLT
DEAN4,KSMQ
PLPW3,KLNL
DLCN5,STLN5
CSAP4,TJIG
GCAP4,MAOP4
CVLM2,KADW
FLAC1,JPRC1
SRGA2,PAFB
GRDM2,1129W
PWLM2,KSBY
SSQM2,KAPG
MANA2,PAEI
TS696,STBM8
DOYA2,TT429
TANA2,CTUA2
EVCA2,WIGA2
RBTA2,CBKA2
GPTM5,KCKC
MNEW3,KCWA
UPRA2,CLCA2
MBCC1,SE204
TNRC1,SE314
CLJN7,KNCA
NHPC1,SE486
APBN6,KALB
BLNN6,0811W
LWLN6,KGTB
BMTN5,KSVC
TS563,KFRH
TS564,TSWI3
TS566,DNES4
FRMI4,KEOK
SSFI4,KCNC
NBKO3,KRBG
RHDFL,KNFL
FVVLY,CYVN2
TS705,K1EM
TSHC1,SE325
YSPI4,KPDC
STCN7,K7W6
GBON7,KGWW
EDCVY,CYVN2
AGRM4,KY31
WHALE,UCBC
HLPK,WHALE
SPLS1,KMNI
TS586,KPIH
SEVN5,KBRG
MRRN5,K4MR
LNCN3,KHIE
KNNC1,KFOT
BBLW3,KOVS
OFRH1,SCEH1
TOSN7,COWN7
TS607,0468W
JACN4,KNEL
COWN7,TOSN7
WOBN4,KWWD
CALN4,KSMQ
ELRN7,KECG
PEPC1,SE333
EPWC1,CNFC1
WWNC1,BSNC1
STUA2,TT427
CRRP4,MAOP4
HORM8,LSNM8
MADM,KDVT
HRAM4,KFNT
TS622,1251W
LGLA1,SHLA1
TRDK1,KLRY
TS633,K7L2
RSRU1,OTRU1
BSUI1,BOII
CSZC1,SSYC1
TS642,KFCM
WDRN5,KSKX
RDDC2,TT689
PMLH1,HKUH1
PCKT2,KSJT
TS654,TT560
ALPHA,OWNC1
PTRCA,UCBM
BNCN2,EDCVY
HITI4,KOMA
KCPT2,KDLF
ZONM8,FIRM8
CLCL1,BBNL1
LYQC1,SE311
FBGG1,KLSF
AMOA4,KLLQ
MAMD,KLUF
HIBW1,GNLW1
SOUI1,KGIC
VIEP4,TIST
RPRT2,KLXY
COAT2,KMKN
TS671,CMTA4
MOMM8,BLMM8
BFRW2,KHTS
PSAT2,KCOT
TS680,KHZE
QTRP1,K2G9
BGNP1,TT576
WLFP1,KSEG
BHDP1,KHZL
GDHP1,KIPT
KYPP1,KFIG
DEXC1,KMMH
UMTA2,PAKP
RAVN7,KHLX
MTGW2,1305W
TS715,ASYU1
TS716,WRRU1
TS717,LOLP1
CRWO2,WHRT2
SKBC1,OWNC1
EKHM8,GINM8
KZAP1,KJHW
SFFA4,KUTA
BLRO1,KZZV
TS732,KDWU
SFJM8,PHYM8
YALM6,KPMU
RJSC1,MIPC1
PLAND,CITR
WBGLY,CICP
TS738,0125W
LGKA2,PAAQ
CBKA2,PAMR
SFRV2,KMKJ
CHAW,TT535
KMOH1,PLIH1
TS745,KSWF
KRNK1,KK82
AENC2,KBKF
FAFA2,PAIL
SNIA2,PAKX
CONA2,COVA2
COVA2,CONA2
CICP,WBGLY
CIDP,CWNC1
CITR,PLAND
CIWP,SE481
TS755,1212W
MCPA2,HRDA2
BDLM8,FCRM8
PMZA2,PANC
TS761,BBRC2
OTMA3,MAGB
FYRA2,PFYU
RPPM5,KPQN
GRBM6,KPQL
HNMU1,TT442
HRKM8,LDOI1
TMTN8,K06D
BLHP1,KAOO
OLDP1,KN38
COFP1,TT597
TTKN8,GRRS2
PSTF1,RKIF1
PHWF1,PSTF1
LOLN7,KMRH
TS790,KTOP
AMAA4,KCCA
RKGN7,KRCZ
BTKM8,RRDM8
DBOM8,HRWM8
TS796,DSFI2
LSTC2,BAWC2
LPFC2,KLXV
TS802,KONO
WSRO3,MRSO
GVPC1,SE182
HFLC1,SE478
TWMC1,CAZC1
LOOC2,CEKC2
BOCT1,DLOT1
MSJC1,SE361
WOCC1,SE274
RGET2,PJNT2
QSRA3,KPAN
TS817,KESN
TS818,JONG1
EPTC1,INRC1
ISCC1,SCJC1
SCJC1,ISCC1
FPKA2,FAFA2
UNIT1,POPN7
WHGH1,POPH1
POPH1,PLRH1
WKVH1,PULH1
AHMH1,PHSF
KPLH1,PWWH1
PLRH1,POPH1
PLHH1,PHJR
KHRH1,PERH1
KTNM4,BPLM4
MOKC2,KCEZ
BERN3,KCON
BKSA2,TTLA2
CLWM8,STKM8
AATC1,KC83
SBYM8,CDAW4
IMRC2,K33V
BHTC1,HOAC1
SMRW3,KPBH
SYRI1,FERI1
BDAN2,NROG
TS875,K1V6
TS877,LDRC1
POCN2,STMN2
BAJC1,JFSC1
BVDC1,KMYF
PZAC1,SE073
PSQC1,KRNM
TNSC1,FHCC1
HNGC1,SE215
PXWT2,DGCT2
DGCT2,GDBT2
GHTF1,0919W
RRAC2,KAFF
BFXT2,BNET2
NSJW1,KFHR
ROAP1,TT608
FKTC2,KMNH
CBFM7,SINM7
ABRS1,KARW
TS909,HMRF1
TAGA2,BOXA2
STHT1,LBLK2
SLCM8,WRSM8
AKPA3,RVYC1
GRRS2,TTKN8
LUAN5,ALRA3
YTCW1,K1YT
RESN5,LUAN5
HMDC1,SKYN2
TS924,VIOC1
DMTC2,PKLC2
WPKS2,SFRS2
QCNA3,KALK
QNMA3,QHIA3
DUIC1,ATRC1
FRCW1,TCFW1
KSEC2,KGNB
TPGC1,SE220
HMRC1,CBXC1
PSWC1,LSNC1
TS946,CPTC2
PNWC1,MOUC1
FTYA3,KNYL
RCKI1,GSKI1
HHPC1,SE366
BOLC1,KMHS
TS959,CRAF1
TS960,TS962
TS961,TS960
TS962,TS960
KKRH1,MKRH1
MAGD,KGEU
HYGM8,STKM8
ATLC1,KAPC
BEKC2,KANK
LLCI1,TT325
LLEI1,SRFI1
QPSA3,QRCA3
LLGI1,LLFI1
MOIC1,SE317
BCYM4,KOSC
CBTN7,KMWK
FRKW1,KUIL
SWYW1,KAWO
ASHW1,KOSW1
POPN7,UNIT1
JJYT2,KSNK
EDWT2,KSOA
LMNT2,KERV
HVLT2,KHBV
LMJT2,HDRT2
NSMV,WALC1
LCRI1,WAGI1
DWSA2,PAGY
SBVC1,SE244
KPRH1,PLIH1
KLFH1,KPDH1
GBWW4,QADW4
RWBC1,KTVL
JPKM8,TS705
VFFO1,ZSFO1
TT064,STWM8
TT065,KRCV
TT066,KJVY
SULI3,KRSV
SSIA2,SRWA2
SRWA2,PAIK
TAHA2,PAWN
MNOA2,PAWN
HOWA2,IMYA2
IMYA2,HOWA2
TT084,LSCU1
TT086,HBFI1
TT087,GFRI
CKWM6,KBIX
FRGM6,KHBG
SRTA2,QRZA2
DVLA2,SRTA2
OXBM3,KFIT
MSXC1,MPEC1
TT100,YOBC1
BKOC1,LDRC1
RBRM7,KTBN
TT106,BVRN5
SDSW4,COWW4
BKLA2,PABL
BOXA2,TAGA2
TT119,KE16
PAFH1,MLKH1
PHRH1,KRCH1
LKHH1,NENH1
TT123,PGSN
NENH1,LKHH1
TOAP6,SFGP6
SFGP6,TOAP6
PERH1,KHRH1
TTEC1,SMBC1
CIAV,CIDP
NSPA,KRNO
NANV,RBTN2
NBSV,NTIK
NBNG,DEDN2
NCVA,KMEV
NCLV,RBVN2
NMAS,DEDN2
NNSV,KELY
NPWL,NBSV
NROG,YCGN2
NSSV,NTIK
NSNA,DNEP8
NSTV,SPMN2
NSWM,KELY
NTIK,NBSV
UCBO,MIPC1
VCEB,JESN5
VCNJ,JESN5
DVLPS,VVLL
VRDD,JESN5
VSNT,VRDD
VVLL,DVLPS
UCDE,SE416
UCHA,CAHC1
UCMO,KRIV
UCSE,SXWC1
TT130,LKRV2
GLNV2,TT130
CRFW2,KMGW
LSC01,KCDA
MEMF,MACP
DNEP1,DNEP3
DNEP3,DNEP4
DNEP4,DNEP3
DNEP7,NSNA
DNEP8,NSNA
DNES4,DWRN2
UCJA,SE001
TKFA2,TKRA2
SDFA2,PASX
TT136,KRDG
TT137,KAVP
TT138,KBTP
TICU1,TT255
OPWW1,KS52
CSPS2,RHRS2
TT143,KBDG
SCXM5,K04W
SEWC1,CNFC1
CVWO2,KOKM
PWKO2,KBVO
SWNC1,BOGC1
DPGG1,K3J7
MBGM7,KCPS
APRF1,TT601
TT156,BKCU1
KAUA2,PAFM
CHMA2,PAKP
RAMA2,KLIA2
PAMA2,PAKP
KLIA2,RAMA2
QPNA3,KPAN
WMBS1,KLRO
OKPW1,TT246
NMIM4,SBDM4
RNYC1,SGHEN
TOGC1,KBYS
TT184,DYER
DECN2,DNEP3
WCYC1,LTHC1
OXRC1,MDHC1
NVRA3,QOKA3
SDSS2,KSPF
EAUT2,KAUS
AURT2,KATT
MWKC1,SLEC1
CENU1,TT223
KITM5,KHCO
TT211,TT215
FAPV2,TT215
TT215,FAPV2
RSCM4,KHTL
TT223,TT296
WHRT2,CRWO2
NWMT2,KSEQ
FRKT2,KLUV
EMNT2,KE38
TT231,KAFN
WCON7,KLBT
HMRF1,TS909
YNKM8,PHGM8
SHDS2,KHEI
TT241,KMMT
BKAO3,KBKE
TT246,OKPW1
MNGP1,TT462
NCRM8,PHYM8
YP001,YP091
YP010,YP032
YP013,YP032
YP016,YP007
YP002,YP016
YP004,YP005
YP005,YP042
YP007,YP016
YP091,YP001
MRWS1,KMAO
WTBS1,KRBW
TT255,TICU1
CBVA,SE406
NHUA,FOXN2
UCAB,KL08
UCBC,WHALE
UCBM,PTRCA
UCJP,KSUU
UCMC,KNXC1
UCSC,SNCC1
UCSH,KMMH
DNEP9,DNEP1
WKTM7,CITM7
HRAS1,1191W
RWES2,DOHS2
TEOC1,TLGC1
TLGC1,TEOC1
CTGC1,KNFG
WIRC1,KOKB
LLAI1,TT679
LLAI1,TT678
LLAI1,TT677
SILW3,K4R5
TT275,KSCD
TT276,SHLA1
INRC1,KNUC
TT278,KEHW3
BPLM4,PIEM4
TT281,TT215
OBRM8,TEPM8
TT284,KPEO
LWQF1,KDED
TT289,BOII
SKIM5,KELO
TT295,TT443
TT296,TT223
NLAZ,DESN2
NREE,KTMT
CBXC1,CDEC1
GNRW4,KGUR
PMTW4,KLAR
TRLM4,RACM4
MRWM7,KUNO
TT321,CUUC1
GNLA2,GNUA2
GQIA2,GNLA2
TT325,LLCI1
SHPW4,KLND
YP008,YP092
TT329,DLCN5
TT331,JONG1
BCCM6,KBXA
LSC02,VTW08
TT333,BUCO3
SKYN2,KTVL
RA006,K8B0
RA007,KMLT
RA008,KLEW
RA009,KHUL
RA011,KBGR
MPWC1,SE054
RHWC1,SE242
UCYL,XCDC1
TT350,PNTM8
PSDW4,KWRL
TSQC1,TT594
DXRA1,OPNA1
BLUM3,KOWD
LSC03,LSC04
KPDH1,PHOG
RRCC2,TR119
NVHC1,KDVO
CWNC1,CIDP
TT388,KLNP
TT390,ARAU1
TT391,KDPG
TT392,KDPG
TT394,MITC2
TT396,KMXF
TT397,KMDQ
TT398,KTOI
GHAA1,KDYA
TT400,KTCL
VTW03,KVSF
DBWA2,LBWA2
GNUA2,GNLA2
LBWA2,DBWA2
VTW07,KFSO
VTW08,NLHV1
VTW12,LSC07
LLFI1,LLGI1
LSC04,KEFK
TT407,NCRM8
ULBC1,STUC1
OBPC1,TABC1
TADC1,CSSL
OAAC1,BNVC1
ALLC1,SE024
UNDC1,SE089
MABM,BLMA3
TT421,KRMG
AZ330,KDVT
BEYC2,RSOC2
TT423,KFMH
GVTC1,SE239
SXWC1,UCSE
TT427,STUA2
TT428,MANA2
TT429,PABI
UCAC,LAYC1
TT441,BUKU1
TT442,LARU1
TT443,TT295
TT445,LAKO
TT446,RNDC1
CRWM7,TT530
ASCN,QCHA3
ASWR,DACFB
ACDM,ASWR
TT448,1307W
KWYC1,NZAC1
TT462,KMUI
LSC06,DBYV1
BNJC1,SE116
LSC07,VTW12
LDEC1,SRTC1
MNMC1,SE389
TT467,LAHC1
TT470,SETC1
HWWT2,DSRT2
SRWT2,KHYI
KRET2,KHYI
DSRT2,HWWT2
DRBS1,KGSP
TT478,KXNO
TBLS1,KLQK
TT482,MAUP
SFPL1,KASD
JCWT2,BTRT2
RHBT2,KGYB
LATT2,BTRT2
RA019,0770W
MTRN1,AGTN1
TT493,KVTN
FBZC1,KL18
TT496,KVAD
YP092,YP008
YP032,YP013
WSBN2,KWMC
TT498,KDNL
BYDW4,MTTC1
SE001,SE002
SE002,SE093
SE003,MBUC1
SE004,SE009
SE005,SE012
SE007,SE030
SE009,SE004
SE010,SE220
SE012,SE042
SE013,SE010
SE014,SE019
SE015,SE174
SE016,SE025
SE017,MBCC1
SE018,SE024
SE019,SE014
SE021,MLCC1
SE024,ALLC1
SE025,SE016
BCFC2,KLMO
TT509,TFRU1
SE026,SE173
SE027,SE029
SE028,SE461
SE029,SE027
SE030,SE220
SE032,SE109
SE033,SE056
SE034,SE109
SE035,SE038
SE036,SE187
SE037,SE103
SE038,POPC1
TT510,KCAE
SE039,CXPC1
SE040,SE086
SE041,SE034
SE042,SE105
WDPT2,FDST2
SE043,SE044
SE044,SE048
SE045,SE048
SE046,SE047
SFXN5,TJRN5
SE047,SE046
SE048,SE044
SE049,SE107
SE050,SE153
SE051,SE052
SE052,SE051
SE053,SE423
SE054,MPWC1
SE055,SE111
SE056,SE222
SE057,SE210
SE058,SE463
SE059,HFLC1
SE060,SE067
SE061,SE441
SE062,SE460
SE063,SE171
SE065,SE097
SE066,SE140
SE067,SE060
SE069,SE429
TT530,KROG
SE071,GMTC1
SE072,ECSC1
SE073,SE078
SE074,SE248
SE075,SE444
SE076,OGVC1
SE077,SE074
SE078,SRUC1
SE079,PHCC1
SE080,SE098
SE081,SE155
SE082,SE091
SE083,SE483
SE084,ECSC1
SE085,SE110
SE086,SE104
SE087,SE319
SE088,SE407
SE089,SE939
SE090,SE108
SE091,SE082
SE092,SE247
SE093,SE002
SE095,079SE
SE096,SE148
SE097,SE065
SE098,SE080
TT531,KM04
SE099,LTJC1
TT532,RFEC2
SE100,SE087
SE102,SE392
SE103,SE037
SE104,SE086
SE105,SE042
SE106,SE112
SE107,SE049
SE108,SE090
SE109,SE032
SE110,SE085
SE111,SE055
SE112,SE164
SE113,SE119
SE114,BNJC1
SE115,SE058
SE116,BNJC1
TT535,WPRW1
SE117,SE196
SE118,SE067
SE119,WFHC1
SE120,SE149
SE121,SE122
SE122,TNRC1
SE123,SE290
CXPC1,SE245
TT542,BSFT1
TT543,KBGF
MPVN2,MORN2
SE125,SE126
SE126,SE356
CUVC1,CAZC1
FSGG1,KCWV
FSLG1,KLHW
FSPG1,FSGG1
FSRG1,MDWG1
FSTG1,FSGG1
PUSC1,KLPC
SE127,FRCC1
SE128,SE140
SE129,SE109
SE130,SE273
SE131,NHPC1
SE132,SE133
SE133,SE132
TT560,K4V0
TT561,KEIK
TT562,KSTK
TT563,KSYF
TT564,KLAA
TT565,KABH
TT566,KALS
TT567,KGXY
TT568,KLHX
SE135,SE080
SE136,SE308
SE137,SE121
SE138,SE314
SE139,SE315
SE140,SE066
SE141,SE280
TT569,KLUM
EGLW3,K57C
TT571,KATW
SRPW3,KRNH
LSRW3,KLSE
SE142,KCMA
SE143,SE280
SE144,TT578
SE145,SE277
SE146,TT578
SE148,SE096
SE149,SE120
SE150,SE195
SE151,SE357
TT575,KHGR
TT576,BGNP1
SE153,DVOC1
SE154,SE272
SE155,SE081
SE156,SE157
SE157,SE156
SE158,SE186
SE159,SE411
SE160,SE449
SE161,SE480
SE162,MHEC1
SE164,SE427
SE165,KAJO
SE166,SE180
SE167,GMTC1
SE168,LTJC1
SE169,KSDB
SE170,SE177
SE171,SE063
SE172,SE285
SE173,SE026
SE174,SE171
SE175,SE176
SE176,KSDB
SE177,SE170
SE178,SE075
SE179,CUUC1
SE180,SE034
SE181,SE471
SE182,SE450
SE184,SE189
SE185,SE192
TT578,SE144
HRMC1,SE230
MLXC1,SE457
SE186,SE158
SE187,SE191
SE188,SE184
SE189,SE184
SE190,DVOC1
SE191,SE187
SE192,SE185
SE193,KF70
SE194,SE077
SE195,SE150
SE196,SE117
SE197,SE474
SE198,SE209
SE199,SE295
SE200,WLYC1
SE201,SE421
SE202,SE277
SE203,SE475
SE204,MBCC1
SE205,SE424
SE206,SE418
SE207,SE205
SE208,SE906
SE209,SE044
SE210,SE057
SE211,SE212
SE212,SE468
SE213,SE212
SE214,SE233
SE215,HNGC1
SE216,SE217
SE217,SE216
SE218,CQHC1
SE219,CNAC1
SE220,SE010
SE221,SE223
SE222,SE056
SE223,SE221
SE224,KF70
SE225,SE057
SE226,SE225
SE227,SE462
SE228,SE430
SE229,SE185
SE230,HRMC1
SE231,SE238
SE232,SE310
SE233,SE214
SE234,SBVC1
SE235,KRNC1
SE236,SE051
SE237,KTSP
SE238,SE231
SE239,GVTC1
SE240,SE319
SE241,SE242
SE242,RHWC1
SE243,SE419
SE244,SBVC1
SE245,CXPC1
SE246,MLXC1
SE247,SE092
SE248,SE074
SE249,SE253
SE250,SE255
SE251,SE252
SE252,SE257
SE253,SE249
SE254,KHMT
SE255,SE250
SE256,SE338
SE257,SE252
SE259,TT698
SE260,SE186
SE261,SE484
SE262,SE484
SE263,SE411
SE264,SE110
SE265,BNTC1
SE266,BPFC1
SE267,SE269
SE268,SE455
SE269,SE262
SE270,SE168
SE271,SE157
SE272,SE154
SE273,SE130
SE274,WOCC1
SE275,SE324
SE276,SE167
SE277,SE202
SE278,SE479
SE279,SE326
SE280,SE143
SE281,SE143
SE282,SE279
SE283,SE175
SE284,SE296
SE285,SE328
SE286,BCNC1
SE287,SE288
SE288,SE344
SE289,SE329
SE290,SE341
SE291,SE474
SE292,SE427
SE294,CEEC1
SE295,SE199
SE296,SE284
SE297,SE309
SE298,CNSC1
SE299,SE906
SE300,SE467
SE301,SE305
SE302,SE467
SE303,SE307
SE304,BKGC1
SE305,SE306
SE306,KTOA
SE307,SE303
SE308,SE136
SE309,SE297
SE310,SE232
SE311,LYQC1
SE312,SE158
SE313,DEMC1
SE314,TNRC1
SE315,SE139
SE316,KPOC
SE317,MOIC1
SE318,SE307
SE319,SE240
SE320,SE324
SE321,SE322
SE322,SE321
SE323,SE107
SE324,SE320
SE325,SE337
SE326,SE479
SE327,SE179
SE328,SE285
SE329,SE289
SE331,VLYC1
SE332,SE282
SE333,SE389
SE334,SE282
SFRS2,KSPF
SE335,SE061
SE336,SE338
SE337,SE325
SE338,SE336
SE339,SE325
TT584,KD57
SE340,RCPC1
SE341,UHLC1
SE342,RCPC1
SE343,SE369
SE344,SE288
SE345,079SE
SE346,SE347
SE347,SE346
SE348,SE349
SE349,SE348
SE350,SE351
SE351,SE350
SE352,SE354
SE353,WWAC1
SE354,SE355
SE355,SE354
SE356,SE126
SE357,SE371
SE358,SE352
SE359,SE362
SE360,SE362
SE361,MSJC1
SE362,SE360
SE363,WWAC1
SE364,SE366
SE365,WWAC1
SE366,HHPC1
SE367,SHVC1
SE368,SE366
SE369,SE343
SE371,HHPC1
SE372,SE357
SE375,KNWC1
SE376,SE375
SE377,KMHV
SE378,SE380
SE379,SE385
SE380,KBIH
SE381,SE379
SE382,UNDC1
SE384,SE445
SE385,SHVC1
SE386,SE387
SE387,SE386
SE388,UCSH
SE389,SE333
SE390,SE392
SE391,KRNC1
SE392,SE390
SE393,BETC1
TT587,KFOK
SE395,SE396
SE396,OVRC1
SE397,SE393
SE398,SE269
SE399,TANC1
SE400,MNLC1
RLNM5,BMJM5
TT590,DYKC2
SE401,KBAN
SE402,BPOC1
SE403,SE407
SE405,SE403
SE406,CBVA
SE407,CBVA
0004W,0807W
0006W,0378W
0007W,0163W
0010W,0043W
0012W,0139W
0016W,1080W
0021W,1296W
0038W,1334W
0040W,0545W
0043W,0344W
0045W,0052W
0046W,0050W
0048W,0052W
0050W,0194W
0052W,0045W
0054W,PRWF1
0058W,KSGJ
0063W,KTIX
0064W,0430W
0067W,KFLL
0073W,0163W
0078W,1296W
0081W,0323W
0084W,0278W
0094W,0508W
0097W,PRWF1
0098W,0714W
0104W,KDAB
0112W,0714W
0125W,0525W
0128W,KSRQ
0129W,KBCR
0139W,0016W
0140W,0569W
0150W,KISM
0152W,KOCF
0163W,0073W
0165W,KCTY
0171W,1062W
0172W,0402W
0173W,KECP
0174W,KNRB
0180W,TT686
0194W,0050W
0198W,TT672
0202W,KSUA
0203W,KVRB
0209W,KBKV
0212W,KCGC
0215W,1069W
0217W,KMAI
0219W,WHSF1
0221W,0778W
0228W,KOBE
0231W,0335W
0234W,0878W
0235W,0878W
0239W,KECP
0241W,KHRT
0246W,0880W
0250W,0453W
0254W,0836W
0258W,0518W
0259W,KBCR
0262W,0731W
0275W,KTLH
0278W,0084W
0280W,0461W
0283W,0459W
0286W,K28J
0292W,1155W
0300W,0991W
0303W,KDHN
0307W,0663W
0310W,KX60
0314W,LWEF1
0317W,K2IS
0323W,0081W
0325W,NLOF1
0327W,NLOF1
0331W,KINF
0333W,0433W
0335W,0231W
0341W,1069W
0344W,1080W
0346W,KFHB
0349W,0353W
0353W,0349W
0358W,0359W
0359W,0358W
0362W,0286W
0368W,RKIF1
0369W,0529W
0378W,0413W
0391W,KMCO
0394W,LWEF1
0396W,0362W
0398W,1037W
0400W,KSRQ
0401W,0427W
0402W,1201W
0405W,KFDK
0406W,KIAD
0408W,KBCB
0413W,0378W
0414W,0643W
0422W,DKFN7
0425W,1327W
0427W,0401W
0430W,KBCT
0431W,KVRB
0433W,KRSW
0437W,KECP
0441W,KGMU
0447W,0618W
0453W,0084W
0455W,K24J
0459W,0283W
0461W,0280W
0463W,0212W
0464W,SWNF1
0468W,KMTH
0470W,KEYW
0472W,0756W
0475W,0761W
0477W,KCEU
0486W,KMGR
0488W,0283W
0491W,KMLB
0495W,0670W
0497W,KGKJ
0499W,KONZ
0503W,0550W
0504W,KIOW
0505W,KLUG
0508W,KSGJ
0512W,0514W
0514W,0516W
0516W,0514W
0518W,KBOS
0522W,MTGW2
0525W,0125W
0527W,KLAL
0529W,0369W
0530W,KCXY
0534W,KSYR
0535W,1004W
0536W,0349W
0538W,KCVC
0540W,1147W
0542W,KSPG
0545W,0542W
0550W,KCLW
0554W,RA008
0560W,KVAD
0561W,0359W
0564W,1057W
0567W,KMAI
0569W,0140W
0571W,KAAF
0574W,KAPF
0576W,0713W
0581W,KCLW
0583W,0783W
0585W,KINT
0586W,KTNB
0589W,KPGV
0618W,0447W
0621W,1022W
0634W,CPMG1
0637W,1076W
0640W,KGVL
0643W,AFRG1
0663W,0307W
0670W,0495W
0676W,KRVL
0678W,0683W
0679W,KJWN
0682W,0678W
0683W,0678W
0684W,1179W
0713W,0576W
0714W,0098W
0716W,K24J
0728W,KHFY
0731W,0262W
0735W,KIGQ
0756W,0475W
0761W,0475W
0764W,KFZG
0770W,KWVL
0773W,K54J
0778W,0221W
0783W,KGSO
0789W,0802W
0802W,0789W
0804W,WCON7
0807W,0004W
0811W,BLNN6
0826W,0516W
0834W,KEVB
0836W,0254W
0844W,MTGW2
0851W,KEKX
0854W,KOWB
0864W,0567W
0865W,0292W
0878W,0235W
0880W,0246W
0891W,KCMH
0894W,KGPC
0900W,1088W
0902W,KNDZ
0904W,0172W
0916W,1158W
0919W,0916W
0991W,0300W
0999W,K33N
1004W,KLZU
1006W,KCMD
1014W,PLAG1
1022W,0621W
1035W,KDUH
1037W,KVDF
1046W,1049W
1049W,1046W
1052W,KONX
1055W,KILM
1057W,0564W
1062W,0171W
1069W,0341W
1076W,0637W
1080W,0344W
1088W,0900W
1089W,1213W
1129W,GRDM2
1130W,KAFW
1132W,KADS
1143W,MPMG
1146W,KBCB
1147W,0540W
1155W,0292W
1158W,0916W
1159W,KCTZ
1162W,KIOW
1169W,TT685
1172W,1175W
1175W,1172W
1176W,KCUB
1179W,0684W
1181W,KUZA
1184W,0441W
1187W,KCHS
1190W,KARW
1191W,HRAS1
1196W,1203W
1199W,1201W
1201W,KPNS
1203W,0402W
1206W,0172W
1208W,0900W
1209W,0128W
1212W,KFMY
1213W,1089W
1245W,KOKV
1248W,KMFV
1251W,TS622
1254W,KORF
1257W,1278W
1260W,KJYO
1263W,KMTV
1266W,KW13
1269W,KBKT
1272W,KVJI
1275W,KFKN
1278W,1146W
1281W,0408W
1285W,KFZG
1286W,KRWV
1291W,0307W
1293W,KILG
1296W,0021W
1299W,KBVY
1300W,KBDL
1303W,KW99
1305W,MTGW2
1307W,TT448
1311W,1313W
1313W,1311W
1315W,KMLU
1318W,1321W
1321W,1318W
1323W,KNIP
1326W,0576W
1327W,1328W
1328W,1327W
1329W,BBYV2
1333W,KCKV
1334W,0038W
1335W,0004W
1341W,1342W
1342W,1341W
1343W,KFXE
SE410,SE406
SE411,SE263
SE412,SE414
SE413,EDRC1
SE414,KPSP
SE415,SE363
SE416,UCDE
SE418,SE206
TT594,UCSE
SE419,SE243
SE420,SE423
SE421,SE201
SE422,LPOC1
SE423,SE053
SE424,SE205
SE425,SE054
SE426,SE144
SE427,SE292
TT595,KMUT
TT596,KOYM
TT597,KUNV
SE428,KSMO
TT598,KEKN
SE429,SE069
SPWM7,KSGF
SE430,SE228
SE432,SE096
SE431,KHMT
SE433,SE136
SE434,SE069
SE435,FTNC1
SE436,TCLC1
SE437,SE041
SE438,SE439
SE439,GMTC1
SE440,SRXC1
SE441,SE252
SE442,SRXC1
SE443,CEKC1
SE444,SE075
SE445,SE384
SE446,FMRC1
SE447,IWLC1
SE448,JWBC1
SE449,SE455
SE450,SE182
SE451,WMSC1
TT601,APRF1
SE452,SE430
SE453,SE476
SE454,STFC1
SE455,SE268
SE456,GVTC1
SE457,MLXC1
SE458,SE296
SE459,SE167
SE460,SE062
SE461,SE028
SE462,SE227
SE463,SE058
SE465,SE466
SE466,SE318
SE467,SE300
SE468,SE212
SE469,WLYC1
TT602,KMPO
SE470,HRMC1
SE471,SE181
SE472,LCBC1
SE473,MBUC1
SE474,SE291
SE475,SE037
TT603,OVLW1
TT604,KDEW
SE476,TSCC1
SE477,SE399
SE478,SE060
SE479,SE326
SE480,SE248
LKRW3,KPVB
BKNW3,KC29
TT607,RCRO3
TT608,KAVP
TT609,KRVL
TT610,KCOD
SE481,CIWP
SE482,CITR
SE483,SE083
SE484,SE262
TT611,SE434
SE486,NHPC1
TT612,ONOC1
TT613,KIDI
SRWO2,KJWG
PHCC1,SE079
TT618,KABE
TT620,FRBA2
TT626,BATO
SE708,UNDC1
TT627,PKCC1
TT631,BHMM8
TT636,CHRI1
SE906,SE299
JFSC1,BAJC1
SE939,SE089
TT652,K1P1
DICC1,KCEC
KLXC1,KCEC
CQHC1,SE132
079SE,SE345
TT665,KBGE
TT666,K48A
TT667,FBGG1
TT668,MNGP1
DCIWL,CIWP
DNKAW,PANN2
DNMOA,DWRN2
DNPVA,MORN2
DACFB,ASWR
DUCFO,UCBC
DNLEM,KRTS
DNMOG,DOGC1
DNWLS,LVYN2
TT669,0139W
TT670,1088W
TT671,0378W
TT672,KLCQ
XCDC1,BNDC1
OSMC1,TT119
TT685,KHEG
TT686,KLEE
TT687,0576W
TT688,KIDI
GREI,GRAI1
OSGI,KIDA
RGBI,KRXE
RRII,MYFI1
SHLI,KIDA
TRTI,OSGI
TT689,WLCC2
TT692,RKHO3
DRBIL,KASE
SHBM,DCRM8
TFWM6,K0V4
TT698,SE259
TT700,KHSE
TT701,COVM
YP042,YP005
TT704,KGOP
TT705,KBFI
TT707,NUCC2
TT709,OGVC1
DINDE,IDPC1
